date,geo,revenue,tv_spend,tv_impressions,tv_cpm,digital_spend,digital_impressions,digital_cpm,social_spend,social_impressions,social_cpm,search_spend,search_impressions,search_cpm,display_spend,display_impressions,display_cpm,price_index,competitor_spend
2022-01-03,northeast,872.54,238.99,9560.0,25.0,76.09,9511.0,8.0,55.11,9185.0,6.0,103.57,6905.0,15.0,0.0,0.0,4.0,100.62,169.87
2022-01-10,northeast,943.7,0.0,0.0,25.33,73.52,8627.0,8.52,29.35,4801.0,6.11,106.25,7224.0,14.71,0.0,0.0,4.01,99.59,245.44
2022-01-17,northeast,873.14,0.0,0.0,25.56,161.73,18258.0,8.86,90.39,14044.0,6.44,136.89,8773.0,15.6,31.53,7813.0,4.04,99.42,200.28
2022-01-24,northeast,884.58,108.58,3990.0,27.21,91.56,9926.0,9.22,71.14,11721.0,6.07,95.32,5528.0,17.24,61.51,14297.0,4.3,99.23,145.7
2022-01-31,northeast,979.99,130.62,4486.0,29.12,151.94,15792.0,9.62,59.33,9211.0,6.44,71.45,3877.0,18.43,0.0,0.0,4.56,98.53,331.2
2022-02-07,northeast,959.45,167.87,5732.0,29.28,120.37,12065.0,9.98,101.76,16268.0,6.26,62.44,3255.0,19.18,50.98,10734.0,4.75,98.14,162.27
2022-02-14,northeast,940.64,240.97,8265.0,29.16,140.17,13501.0,10.38,31.79,5032.0,6.32,133.53,6700.0,19.93,62.63,13348.0,4.69,97.58,342.81
2022-02-21,northeast,1004.78,0.0,0.0,30.11,104.82,9526.0,11.0,0.0,0.0,6.22,121.89,5854.0,20.82,0.0,0.0,4.73,98.46,232.2
2022-02-28,northeast,961.63,0.0,0.0,30.08,113.81,10124.0,11.24,23.0,3785.0,6.08,131.4,6073.0,21.64,0.0,0.0,4.99,98.93,173.86
2022-03-07,northeast,1044.05,0.0,0.0,31.06,103.59,8906.0,11.63,63.24,9923.0,6.37,83.53,3780.0,22.1,0.0,0.0,5.07,99.56,250.21
2022-03-14,northeast,1001.35,166.06,5261.0,31.56,67.62,5771.0,11.72,26.95,4246.0,6.35,76.4,3411.0,22.4,0.0,0.0,5.49,99.92,319.84
2022-03-21,northeast,970.36,0.0,0.0,30.38,131.42,10663.0,12.32,32.46,5023.0,6.46,64.48,2864.0,22.52,0.0,0.0,5.6,99.36,284.84
2022-03-28,northeast,1060.19,0.0,0.0,31.96,77.97,6428.0,12.13,32.34,4991.0,6.48,98.64,4461.0,22.11,0.0,0.0,5.65,99.1,296.55
2022-04-04,northeast,975.75,151.13,4474.0,33.78,46.94,3661.0,12.82,79.13,12020.0,6.58,122.95,5600.0,21.96,0.0,0.0,5.61,99.34,259.1
2022-04-11,northeast,1020.34,264.32,7981.0,33.12,122.1,9548.0,12.79,0.0,0.0,6.59,102.85,4936.0,20.84,0.0,0.0,5.62,98.73,261.52
2022-04-18,northeast,1005.4,148.44,4554.0,32.59,65.43,5364.0,12.2,73.34,11618.0,6.31,107.11,5178.0,20.69,25.57,4587.0,5.57,99.09,291.4
2022-04-25,northeast,1057.36,185.01,5669.0,32.64,157.8,12981.0,12.16,106.67,16520.0,6.46,153.44,7697.0,19.94,0.0,0.0,5.65,98.97,155.46
2022-05-02,northeast,1056.93,219.46,6725.0,32.63,159.43,13522.0,11.79,54.99,8731.0,6.3,97.02,5082.0,19.09,60.2,10452.0,5.76,98.78,205.01
2022-05-09,northeast,997.31,156.0,4748.0,32.86,154.7,12960.0,11.94,47.14,7945.0,5.93,112.6,5942.0,18.95,0.0,0.0,5.55,99.13,143.86
2022-05-16,northeast,952.71,269.72,7849.0,34.36,88.79,7704.0,11.52,98.44,17067.0,5.77,137.88,7087.0,19.45,55.29,10525.0,5.25,99.36,311.53
2022-05-23,northeast,965.03,0.0,0.0,33.57,45.87,4108.0,11.17,0.0,0.0,5.92,98.84,5033.0,19.64,0.0,0.0,4.88,99.17,302.26
2022-05-30,northeast,946.75,135.08,4208.0,32.1,156.33,15124.0,10.34,106.76,17931.0,5.95,119.09,6489.0,18.35,0.0,0.0,4.86,99.75,104.83
2022-06-06,northeast,1005.99,180.99,6012.0,30.11,95.81,9613.0,9.97,0.0,0.0,5.76,140.01,8041.0,17.41,31.73,6911.0,4.59,99.21,254.17
2022-06-13,northeast,926.61,144.26,5022.0,28.73,160.97,17808.0,9.04,0.0,0.0,5.56,145.93,8354.0,17.47,37.41,8911.0,4.2,99.52,306.33
2022-06-20,northeast,910.09,141.27,5056.0,27.94,160.6,19139.0,8.39,25.8,4814.0,5.36,70.38,4262.0,16.51,27.49,6647.0,4.14,99.82,147.19
2022-06-27,northeast,909.21,0.0,0.0,28.66,147.21,17642.0,8.34,100.42,18114.0,5.54,139.01,8720.0,15.94,0.0,0.0,4.33,99.66,237.69
2022-07-04,northeast,828.08,201.99,7375.0,27.39,79.63,9601.0,8.29,68.44,12572.0,5.44,98.31,6248.0,15.73,0.0,0.0,4.2,99.83,319.74
2022-07-11,northeast,853.74,182.0,6805.0,26.74,90.6,11120.0,8.15,109.38,20452.0,5.35,76.32,5149.0,14.82,40.75,9746.0,4.18,99.2,131.38
2022-07-18,northeast,896.24,97.63,3768.0,25.91,146.99,19160.0,7.67,28.49,5329.0,5.35,91.98,6381.0,14.41,44.45,10940.0,4.06,99.66,282.63
2022-07-25,northeast,832.67,140.11,5383.0,26.03,82.35,11089.0,7.43,70.74,13550.0,5.22,133.73,9962.0,13.42,73.81,18796.0,3.93,99.57,199.3
2022-08-01,northeast,785.78,0.0,0.0,27.23,64.51,8959.0,7.2,107.3,21359.0,5.02,91.49,7156.0,12.79,25.78,6585.0,3.91,99.31,341.08
2022-08-08,northeast,821.33,132.8,5104.0,26.02,111.37,16496.0,6.75,68.03,14033.0,4.85,76.78,6127.0,12.53,0.0,0.0,3.77,99.83,354.14
2022-08-15,northeast,834.29,115.1,4617.0,24.93,157.27,22902.0,6.87,0.0,0.0,4.7,99.72,8585.0,11.62,47.11,12757.0,3.69,99.48,349.83
2022-08-22,northeast,815.01,0.0,0.0,25.06,128.22,18663.0,6.87,83.23,18179.0,4.58,67.58,5893.0,11.47,0.0,0.0,3.63,98.78,246.74
2022-08-29,northeast,793.95,0.0,0.0,24.99,112.98,16942.0,6.67,0.0,0.0,4.57,54.06,4827.0,11.2,0.0,0.0,3.48,98.0,331.11
2022-09-05,northeast,728.44,0.0,0.0,25.9,55.76,8522.0,6.54,77.23,17202.0,4.49,57.53,5154.0,11.16,0.0,0.0,3.51,98.3,325.12
2022-09-12,northeast,731.63,213.69,8239.0,25.94,118.42,18277.0,6.48,73.42,16258.0,4.52,56.97,5152.0,11.06,72.89,21190.0,3.44,97.66,206.32
2022-09-19,northeast,818.69,230.42,9087.0,25.36,163.8,27198.0,6.02,101.3,22753.0,4.45,58.41,5130.0,11.39,0.0,0.0,3.32,98.54,314.44
2022-09-26,northeast,752.1,0.0,0.0,25.63,60.95,10270.0,5.94,26.0,5868.0,4.43,57.21,5042.0,11.35,0.0,0.0,3.35,97.5,135.58
2022-10-03,northeast,754.18,224.18,8482.0,26.43,106.72,18397.0,5.8,0.0,0.0,4.16,94.69,8473.0,11.17,72.31,22209.0,3.26,98.35,253.67
2022-10-10,northeast,823.74,156.78,5774.0,27.15,150.16,26612.0,5.64,105.64,24629.0,4.29,60.43,5375.0,11.24,0.0,0.0,3.27,98.45,168.15
2022-10-17,northeast,795.68,206.24,7427.0,27.77,133.63,23711.0,5.64,0.0,0.0,4.37,72.98,6340.0,11.51,25.73,7822.0,3.29,98.4,139.44
2022-10-24,northeast,801.54,206.47,7117.0,29.01,128.34,21324.0,6.02,62.1,13644.0,4.55,115.14,9871.0,11.66,0.0,0.0,3.44,98.13,125.8
2022-10-31,northeast,850.04,0.0,0.0,30.53,129.0,20691.0,6.23,76.57,18059.0,4.24,83.86,7067.0,11.87,0.0,0.0,3.54,98.33,258.85
2022-11-07,northeast,761.13,0.0,0.0,38.6,107.26,14432.0,7.43,0.0,0.0,5.47,99.7,7075.0,14.09,42.16,9816.0,4.29,98.31,178.3
2022-11-14,northeast,891.35,244.2,6085.0,40.13,93.39,12112.0,7.71,0.0,0.0,5.56,62.29,4422.0,14.09,0.0,0.0,4.49,98.86,262.03
2022-11-21,northeast,889.1,147.99,3626.0,40.82,171.28,20840.0,8.22,0.0,0.0,5.87,64.77,4691.0,13.81,0.0,0.0,4.78,98.92,117.28
2022-11-28,northeast,907.23,122.88,2927.0,41.99,188.52,21783.0,8.65,53.09,9105.0,5.83,53.6,3597.0,14.9,0.0,0.0,4.98,99.0,173.85
2022-12-05,northeast,959.49,95.62,2142.0,44.65,164.45,18494.0,8.89,73.36,12043.0,6.09,65.0,4415.0,14.72,0.0,0.0,5.11,98.81,225.96
2022-12-12,northeast,931.07,198.5,4438.0,44.73,175.33,19583.0,8.95,0.0,0.0,6.06,75.29,5086.0,14.8,23.35,4629.0,5.04,98.79,285.07
2022-12-19,northeast,959.72,214.7,4622.0,46.45,117.92,12557.0,9.39,107.75,17638.0,6.11,68.04,4572.0,14.88,0.0,0.0,5.02,98.94,185.92
2022-12-26,northeast,982.8,91.1,1932.0,47.16,116.43,11928.0,9.76,0.0,0.0,6.65,61.67,3927.0,15.7,67.25,13166.0,5.11,98.08,258.77
2023-01-02,northeast,851.58,0.0,0.0,42.15,140.59,15702.0,8.95,0.0,0.0,5.9,65.62,4721.0,13.9,0.0,0.0,4.48,97.41,321.58
2023-01-09,northeast,867.9,0.0,0.0,45.12,122.65,13046.0,9.4,69.18,11307.0,6.12,97.28,6545.0,14.86,72.21,15739.0,4.59,97.78,267.74
2023-01-16,northeast,880.27,208.65,4469.0,46.68,128.94,12918.0,9.98,0.0,0.0,6.46,75.78,5057.0,14.99,69.13,14621.0,4.73,97.87,188.78
2023-01-23,northeast,864.06,0.0,0.0,48.02,140.29,13904.0,10.09,0.0,0.0,6.74,91.69,5906.0,15.52,47.89,9705.0,4.93,97.78,147.58
2023-01-30,northeast,999.46,217.21,4595.0,47.27,151.69,14095.0,10.76,82.26,11856.0,6.94,106.22,6843.0,15.52,0.0,0.0,5.05,97.78,337.47
2023-02-06,northeast,914.57,160.32,3242.0,49.45,84.9,7665.0,11.08,0.0,0.0,7.18,125.62,7417.0,16.94,0.0,0.0,5.24,97.96,153.51
2023-02-13,northeast,941.48,263.17,5113.0,51.47,89.45,7433.0,12.03,102.16,12975.0,7.87,64.27,3852.0,16.68,0.0,0.0,5.36,97.69,342.86
2023-02-20,northeast,957.01,113.72,2033.0,55.93,55.37,4613.0,12.0,0.0,0.0,8.0,139.42,8130.0,17.15,36.78,7149.0,5.14,97.3,267.11
2023-02-27,northeast,988.35,151.78,2697.0,56.28,113.97,8874.0,12.84,105.58,12909.0,8.18,123.87,6978.0,17.75,65.07,12809.0,5.08,97.4,356.39
2023-03-06,northeast,1001.89,109.22,1903.0,57.39,48.35,3695.0,13.09,0.0,0.0,8.55,70.46,3870.0,18.21,16.78,3275.0,5.12,96.91,323.38
2023-03-13,northeast,1009.83,0.0,0.0,58.4,100.34,7740.0,12.96,75.98,8510.0,8.93,150.37,8222.0,18.29,0.0,0.0,4.99,97.11,364.0
2023-03-20,northeast,986.0,252.06,4087.0,61.68,109.66,8521.0,12.87,58.81,6310.0,9.32,155.85,8493.0,18.35,40.59,7929.0,5.12,96.26,217.56
2023-03-27,northeast,986.43,136.24,2205.0,61.77,78.67,6145.0,12.8,0.0,0.0,9.54,69.37,3759.0,18.45,49.01,9105.0,5.38,96.78,304.55
2023-04-03,northeast,1014.13,211.42,3389.0,62.38,115.49,8894.0,12.99,98.21,10638.0,9.23,91.27,4960.0,18.4,0.0,0.0,5.59,97.01,219.25
2023-04-10,northeast,989.6,240.82,3796.0,63.44,47.69,3621.0,13.17,25.98,2683.0,9.68,144.7,7651.0,18.91,0.0,0.0,5.55,97.14,231.45
2023-04-17,northeast,1045.52,0.0,0.0,63.52,48.52,3764.0,12.89,0.0,0.0,9.31,138.45,6881.0,20.12,37.49,6490.0,5.78,97.63,259.29
2023-04-24,northeast,1001.73,187.04,3006.0,62.22,143.53,11224.0,12.79,0.0,0.0,9.33,81.23,4135.0,19.64,61.12,10610.0,5.76,98.46,309.41
2023-05-01,northeast,1003.26,0.0,0.0,61.95,87.58,6488.0,13.5,93.33,10335.0,9.03,83.17,4456.0,18.66,43.86,7769.0,5.65,98.97,330.5
2023-05-08,northeast,995.23,0.0,0.0,63.16,59.37,4230.0,14.04,108.88,12236.0,8.9,98.42,5355.0,18.38,0.0,0.0,5.47,98.05,280.88
2023-05-15,northeast,1014.14,255.78,4242.0,60.3,107.19,7656.0,14.0,35.24,3983.0,8.85,108.6,5555.0,19.55,43.87,8219.0,5.34,97.41,202.82
2023-05-22,northeast,970.68,256.38,4312.0,59.46,137.17,9965.0,13.77,74.28,8468.0,8.77,120.29,6419.0,18.74,0.0,0.0,5.18,97.1,203.93
2023-05-29,northeast,894.6,0.0,0.0,57.03,70.11,5181.0,13.53,55.52,6379.0,8.7,94.92,4922.0,19.28,0.0,0.0,5.1,97.11,275.09
2023-06-05,northeast,953.21,0.0,0.0,57.78,119.37,8860.0,13.47,107.35,12024.0,8.93,102.37,5165.0,19.82,0.0,0.0,5.01,97.37,168.13
2023-06-12,northeast,902.76,0.0,0.0,53.84,54.33,4263.0,12.74,0.0,0.0,8.83,127.2,6690.0,19.01,41.84,8562.0,4.89,97.01,143.74
2023-06-19,northeast,885.03,0.0,0.0,51.54,50.25,4082.0,12.31,0.0,0.0,8.53,60.32,3204.0,18.83,71.85,14904.0,4.82,97.1,202.14
2023-06-26,northeast,911.47,255.76,5048.0,50.66,108.29,9515.0,11.38,0.0,0.0,8.54,78.61,4091.0,19.22,38.42,7913.0,4.86,96.72,192.6
2023-07-03,northeast,920.78,253.89,4925.0,51.55,109.42,9785.0,11.18,58.5,6813.0,8.59,117.77,6386.0,18.44,0.0,0.0,4.85,96.42,200.18
2023-07-10,northeast,873.42,233.84,4687.0,49.9,121.13,10955.0,11.06,46.06,5738.0,8.03,131.36,7388.0,17.78,54.75,12169.0,4.5,95.71,191.97
2023-07-17,northeast,863.78,0.0,0.0,47.57,131.86,12481.0,10.56,26.96,3403.0,7.92,96.44,5694.0,16.94,0.0,0.0,4.04,95.25,155.12
2023-07-24,northeast,907.99,0.0,0.0,48.79,162.08,15097.0,10.74,98.1,12509.0,7.84,96.41,6054.0,15.93,56.64,14065.0,4.03,94.58,154.47
2023-07-31,northeast,815.13,118.22,2610.0,45.3,106.47,10610.0,10.04,93.54,12409.0,7.54,59.94,3957.0,15.15,0.0,0.0,3.75,94.09,371.68
2023-08-07,northeast,888.23,256.03,6219.0,41.17,83.08,8911.0,9.32,0.0,0.0,7.63,86.33,6091.0,14.17,0.0,0.0,3.61,94.62,251.27
2023-08-14,northeast,818.81,201.4,4965.0,40.56,140.22,15364.0,9.13,109.7,14863.0,7.38,91.74,6650.0,13.79,0.0,0.0,3.39,94.14,243.3
2023-08-21,northeast,715.53,89.72,2304.0,38.93,76.77,8366.0,9.18,70.88,9818.0,7.22,67.77,5159.0,13.13,0.0,0.0,3.13,95.46,308.6
2023-08-28,northeast,805.76,0.0,0.0,36.89,97.12,10297.0,9.43,89.67,12778.0,7.02,68.98,5337.0,12.92,21.66,6964.0,3.11,95.7,206.14
2023-09-04,northeast,768.6,0.0,0.0,36.95,53.49,5866.0,9.12,0.0,0.0,6.88,76.49,6325.0,12.09,76.81,24620.0,3.12,95.8,364.97
2023-09-11,northeast,791.39,0.0,0.0,36.62,47.07,5078.0,9.27,96.77,14765.0,6.55,48.8,4061.0,12.02,0.0,0.0,3.02,95.37,325.78
2023-09-18,northeast,794.46,118.07,3318.0,35.59,160.48,17539.0,9.15,43.77,7055.0,6.2,71.2,5847.0,12.18,52.52,19035.0,2.76,95.72,168.41
2023-09-25,northeast,752.33,190.61,5606.0,34.0,145.15,16061.0,9.04,61.65,9542.0,6.46,62.65,5501.0,11.39,0.0,0.0,2.69,95.43,235.97
2023-10-02,northeast,709.45,0.0,0.0,34.82,128.21,13849.0,9.26,33.37,5310.0,6.28,71.25,6201.0,11.49,61.87,22746.0,2.72,95.49,332.56
2023-10-09,northeast,741.97,0.0,0.0,35.59,93.48,9878.0,9.46,105.96,17331.0,6.11,55.78,4668.0,11.95,29.2,11194.0,2.61,96.77,342.05
2023-10-16,northeast,735.22,129.94,3636.0,35.74,64.97,7146.0,9.09,0.0,0.0,5.77,113.94,9817.0,11.61,70.83,26813.0,2.64,96.72,232.4
2023-10-23,northeast,734.52,0.0,0.0,38.23,62.93,6544.0,9.62,42.12,7350.0,5.73,92.2,7466.0,12.35,0.0,0.0,2.67,97.3,260.48
2023-10-30,northeast,799.06,132.37,3519.0,37.62,74.28,7293.0,10.18,81.11,14493.0,5.6,99.52,7831.0,12.71,28.04,10148.0,2.76,96.95,159.08
2023-11-06,northeast,824.62,0.0,0.0,43.58,149.85,12362.0,12.12,76.4,10715.0,7.13,109.08,7230.0,15.09,18.71,5565.0,3.36,96.93,338.24
2023-11-13,northeast,883.84,227.59,5229.0,43.52,171.05,13675.0,12.51,0.0,0.0,7.49,87.76,5714.0,15.36,0.0,0.0,3.33,97.81,170.21
2023-11-20,northeast,823.03,209.48,4715.0,44.43,153.9,11860.0,12.98,31.99,4264.0,7.5,56.42,3534.0,15.97,0.0,0.0,3.53,97.5,326.96
2023-11-27,northeast,902.72,246.8,5385.0,45.83,87.94,6566.0,13.39,81.1,9864.0,8.22,93.55,5708.0,16.39,20.48,5694.0,3.6,98.41,264.07
2023-12-04,northeast,947.97,210.97,4521.0,46.67,199.02,14729.0,13.51,0.0,0.0,8.68,99.21,5808.0,17.08,63.42,17208.0,3.69,98.76,257.64
2023-12-11,northeast,899.8,194.27,4012.0,48.42,165.55,12176.0,13.6,0.0,0.0,8.83,114.18,6693.0,17.06,43.92,11939.0,3.68,98.48,240.56
2023-12-18,northeast,932.27,105.52,2203.0,47.9,127.96,9170.0,13.95,0.0,0.0,8.41,89.65,5090.0,17.61,48.23,12932.0,3.73,98.79,183.2
2023-12-25,northeast,950.84,156.76,3051.0,51.39,145.18,9778.0,14.85,0.0,0.0,9.26,65.03,3750.0,17.34,43.17,11572.0,3.73,99.28,176.57
2022-01-03,southeast,729.01,0.0,0.0,25.0,104.32,13040.0,8.0,67.34,11224.0,6.0,91.62,6108.0,15.0,0.0,0.0,4.0,99.2,175.3
2022-01-10,southeast,765.67,84.44,3159.0,26.73,55.34,6999.0,7.91,0.0,0.0,6.37,59.13,3861.0,15.31,49.67,12181.0,4.08,99.29,157.38
2022-01-17,southeast,779.03,0.0,0.0,27.37,130.16,15856.0,8.21,65.56,9922.0,6.61,84.16,5395.0,15.6,46.01,11223.0,4.1,100.3,166.19
2022-01-24,southeast,718.73,118.02,4268.0,27.65,82.67,9594.0,8.62,85.4,11936.0,7.15,100.15,6115.0,16.38,29.68,7328.0,4.05,100.3,243.83
2022-01-31,southeast,805.01,0.0,0.0,28.49,54.95,6263.0,8.77,74.02,9979.0,7.42,90.56,5339.0,16.96,0.0,0.0,4.1,100.21,266.93
2022-02-07,southeast,807.46,234.48,7924.0,29.59,39.32,4193.0,9.38,0.0,0.0,7.68,84.68,4833.0,17.52,0.0,0.0,4.21,100.03,148.66
2022-02-14,southeast,830.98,117.43,3759.0,31.24,96.49,10494.0,9.2,87.59,11191.0,7.83,135.27,7457.0,18.14,0.0,0.0,4.38,99.94,186.0
2022-02-21,southeast,924.63,181.65,5468.0,33.22,93.11,9740.0,9.56,0.0,0.0,8.27,127.25,7214.0,17.64,0.0,0.0,4.38,100.63,287.17
2022-02-28,southeast,760.31,107.99,3235.0,33.38,113.17,11869.0,9.54,0.0,0.0,8.68,106.59,5816.0,18.33,0.0,0.0,4.4,99.52,268.25
2022-03-07,southeast,873.15,0.0,0.0,32.49,131.03,12884.0,10.17,29.8,3455.0,8.63,102.83,5438.0,18.91,0.0,0.0,4.33,100.29,300.25
2022-03-14,southeast,825.92,0.0,0.0,32.42,46.3,4245.0,10.91,19.89,2375.0,8.38,107.95,5826.0,18.53,51.52,11779.0,4.37,99.58,253.67
2022-03-21,southeast,857.59,232.98,7079.0,32.91,114.44,10660.0,10.74,51.07,6090.0,8.39,71.95,3883.0,18.53,24.66,5742.0,4.29,99.44,181.58
2022-03-28,southeast,843.36,174.28,5427.0,32.11,57.58,5429.0,10.61,41.42,5037.0,8.22,89.08,4793.0,18.59,0.0,0.0,4.39,99.23,215.09
2022-04-04,southeast,835.38,0.0,0.0,31.25,127.68,11714.0,10.9,55.94,6805.0,8.22,58.07,3133.0,18.54,29.27,7026.0,4.17,99.52,224.19
2022-04-11,southeast,836.74,0.0,0.0,31.53,123.59,11489.0,10.76,0.0,0.0,8.52,96.1,5140.0,18.7,0.0,0.0,4.11,98.72,109.23
2022-04-18,southeast,851.06,100.43,3204.0,31.34,94.51,8836.0,10.7,22.32,2669.0,8.37,101.7,5234.0,19.43,0.0,0.0,4.13,98.95,193.78
2022-04-25,southeast,789.42,112.39,3608.0,31.15,112.22,10560.0,10.63,0.0,0.0,8.29,73.9,3708.0,19.93,0.0,0.0,4.13,99.97,221.6
2022-05-02,southeast,869.2,116.53,3866.0,30.14,70.85,7134.0,9.93,61.46,7472.0,8.22,136.81,7213.0,18.97,41.2,9303.0,4.43,99.28,115.86
2022-05-09,southeast,816.52,0.0,0.0,29.55,87.24,8901.0,9.8,45.08,5412.0,8.33,131.01,6868.0,19.08,28.23,6389.0,4.42,99.38,230.54
2022-05-16,southeast,799.75,166.64,5888.0,28.3,123.86,13105.0,9.45,74.42,9708.0,7.67,113.88,5826.0,19.55,57.9,13717.0,4.22,99.05,192.31
2022-05-23,southeast,794.86,0.0,0.0,28.54,85.99,9403.0,9.15,68.57,9276.0,7.39,96.79,4985.0,19.42,0.0,0.0,4.13,99.26,262.59
2022-05-30,southeast,855.06,94.54,3278.0,28.84,75.39,8058.0,9.36,83.27,11426.0,7.29,123.3,6273.0,19.66,34.06,8871.0,3.84,99.27,91.11
2022-06-06,southeast,781.88,0.0,0.0,26.67,89.65,10181.0,8.81,71.63,9701.0,7.38,61.43,3011.0,20.41,0.0,0.0,3.74,98.95,135.86
2022-06-13,southeast,794.38,192.73,7618.0,25.3,124.55,14153.0,8.8,51.67,7282.0,7.1,113.3,5521.0,20.52,15.26,4286.0,3.56,99.19,203.06
2022-06-20,southeast,753.91,86.93,3692.0,23.55,73.03,8596.0,8.5,70.15,10742.0,6.53,59.03,2933.0,20.13,20.75,5823.0,3.56,100.1,149.16
2022-06-27,southeast,773.89,190.32,8479.0,22.45,56.16,6858.0,8.19,39.93,6175.0,6.47,109.81,5439.0,20.19,0.0,0.0,3.41,100.0,233.11
2022-07-04,southeast,761.6,0.0,0.0,21.73,112.41,13809.0,8.14,42.28,6865.0,6.16,68.46,3478.0,19.68,40.0,12139.0,3.3,100.36,246.41
2022-07-11,southeast,801.22,89.2,4420.0,20.18,124.31,15586.0,7.98,78.96,13700.0,5.76,112.09,5867.0,19.1,35.37,11281.0,3.14,99.71,126.5
2022-07-18,southeast,709.85,150.02,7883.0,19.03,48.52,6169.0,7.87,0.0,0.0,5.48,114.97,6274.0,18.33,0.0,0.0,3.2,99.24,209.21
2022-07-25,southeast,731.71,154.28,8619.0,17.9,63.07,8035.0,7.85,79.68,15073.0,5.29,55.68,2991.0,18.62,45.35,14749.0,3.07,99.47,212.31
2022-08-01,southeast,702.54,102.77,5884.0,17.47,52.84,7011.0,7.54,81.5,16190.0,5.03,76.9,4365.0,17.62,0.0,0.0,3.15,100.21,189.1
2022-08-08,southeast,720.82,0.0,0.0,16.99,74.36,10352.0,7.18,84.17,18402.0,4.57,111.65,6236.0,17.91,38.5,12286.0,3.13,100.39,298.6
2022-08-15,southeast,657.78,0.0,0.0,16.17,85.06,12583.0,6.76,88.66,19406.0,4.57,75.86,4292.0,17.67,64.59,20895.0,3.09,100.23,279.94
2022-08-22,southeast,690.5,0.0,0.0,15.84,116.25,18091.0,6.43,51.75,11189.0,4.63,100.43,6082.0,16.51,41.37,13583.0,3.05,100.23,255.46
2022-08-29,southeast,656.0,150.66,9897.0,15.22,106.04,15459.0,6.86,43.23,9381.0,4.61,80.86,4956.0,16.31,49.65,16489.0,3.01,99.61,257.9
2022-09-05,southeast,655.0,0.0,0.0,14.8,102.89,14739.0,6.98,63.25,14485.0,4.37,65.93,4390.0,15.02,30.54,10963.0,2.79,99.91,208.05
2022-09-12,southeast,640.94,181.13,11825.0,15.32,74.82,11342.0,6.6,47.21,11053.0,4.27,59.51,3952.0,15.06,0.0,0.0,2.72,100.35,292.55
2022-09-19,southeast,660.07,164.09,10412.0,15.76,125.93,20098.0,6.27,64.68,15327.0,4.22,53.78,3519.0,15.28,54.64,19823.0,2.76,100.13,246.04
2022-09-26,southeast,640.63,86.06,5719.0,15.05,87.25,13824.0,6.31,72.62,17025.0,4.27,89.7,6019.0,14.9,0.0,0.0,2.73,99.89,248.57
2022-10-03,southeast,649.25,158.77,10317.0,15.39,140.32,21923.0,6.4,71.32,16426.0,4.34,65.35,4379.0,14.92,0.0,0.0,2.61,100.02,269.51
2022-10-10,southeast,687.69,0.0,0.0,15.81,104.27,15986.0,6.52,0.0,0.0,4.26,73.5,4633.0,15.86,0.0,0.0,2.62,99.81,153.59
2022-10-17,southeast,658.35,0.0,0.0,15.38,51.19,7852.0,6.52,31.68,7370.0,4.3,72.55,4610.0,15.74,0.0,0.0,2.77,99.77,250.86
2022-10-24,southeast,682.92,0.0,0.0,15.95,108.66,16534.0,6.57,51.72,11728.0,4.41,78.56,5093.0,15.43,54.49,18710.0,2.91,100.82,131.12
2022-10-31,southeast,642.23,202.98,11958.0,16.97,71.97,10672.0,6.74,29.84,6374.0,4.68,98.24,5995.0,16.39,0.0,0.0,2.95,100.7,156.88
2022-11-07,southeast,643.64,108.52,5452.0,19.9,145.16,17702.0,8.2,86.65,14944.0,5.8,106.97,5075.0,21.08,20.53,5570.0,3.69,100.52,153.18
2022-11-14,southeast,754.31,117.77,5964.0,19.75,50.46,6450.0,7.82,45.29,7480.0,6.05,69.67,3241.0,21.5,0.0,0.0,3.72,100.2,274.51
2022-11-21,southeast,762.08,102.6,4931.0,20.81,77.15,9714.0,7.94,30.74,4955.0,6.2,99.41,4389.0,22.65,0.0,0.0,3.61,100.57,251.61
2022-11-28,southeast,799.82,129.33,6019.0,21.49,172.75,21789.0,7.93,20.93,3158.0,6.63,96.61,4000.0,24.15,29.58,8223.0,3.6,100.48,223.46
2022-12-05,southeast,747.01,198.22,8847.0,22.4,80.28,9821.0,8.17,68.08,9892.0,6.88,84.74,3498.0,24.22,0.0,0.0,3.87,100.15,230.79
2022-12-12,southeast,775.92,159.88,6881.0,23.24,160.35,17470.0,9.18,67.4,9789.0,6.89,113.77,4642.0,24.51,0.0,0.0,3.94,100.81,202.75
2022-12-19,southeast,734.33,0.0,0.0,24.15,91.89,9640.0,9.53,44.89,6085.0,7.38,60.48,2316.0,26.12,32.44,8082.0,4.01,101.52,279.95
2022-12-26,southeast,788.9,217.77,9135.0,23.84,121.55,12531.0,9.7,24.45,3160.0,7.74,54.8,1941.0,28.22,0.0,0.0,4.09,101.22,198.85
2023-01-02,southeast,773.87,0.0,0.0,21.97,110.54,12414.0,8.9,50.13,7352.0,6.82,112.4,4385.0,25.63,14.32,3707.0,3.86,100.29,181.69
2023-01-09,southeast,743.1,0.0,0.0,23.44,91.57,9839.0,9.31,42.65,6161.0,6.92,82.34,3202.0,25.72,0.0,0.0,4.18,100.79,145.19
2023-01-16,southeast,770.15,0.0,0.0,23.95,69.9,7209.0,9.7,0.0,0.0,7.19,115.89,4126.0,28.08,0.0,0.0,4.6,100.45,268.15
2023-01-23,southeast,769.66,148.88,6060.0,24.57,60.22,5937.0,10.14,65.04,8689.0,7.49,121.51,4280.0,28.39,65.15,13869.0,4.7,100.85,262.36
2023-01-30,southeast,794.35,0.0,0.0,24.06,41.47,3749.0,11.06,46.71,6050.0,7.72,55.89,1939.0,28.82,0.0,0.0,4.86,99.86,199.16
2023-02-06,southeast,768.86,0.0,0.0,25.0,69.76,6377.0,10.94,35.56,4460.0,7.97,124.41,4176.0,29.79,0.0,0.0,4.75,100.31,133.32
2023-02-13,southeast,797.8,80.39,3097.0,25.96,106.26,9380.0,11.33,0.0,0.0,8.56,89.69,2815.0,31.86,0.0,0.0,5.07,99.7,289.32
2023-02-20,southeast,737.98,86.53,3280.0,26.38,136.05,12127.0,11.22,53.5,5940.0,9.01,95.98,2884.0,33.29,0.0,0.0,4.98,100.07,132.36
2023-02-27,southeast,818.93,0.0,0.0,27.72,129.04,11138.0,11.59,71.31,7751.0,9.2,106.86,3122.0,34.23,55.02,10799.0,5.1,100.08,263.07
2023-03-06,southeast,776.79,222.84,8017.0,27.8,118.05,10340.0,11.42,29.68,3096.0,9.59,133.57,3799.0,35.16,0.0,0.0,4.99,99.6,311.86
2023-03-13,southeast,876.91,163.0,5708.0,28.56,120.39,10570.0,11.39,55.9,5955.0,9.39,55.82,1570.0,35.56,35.05,7070.0,4.96,99.39,207.91
2023-03-20,southeast,871.59,156.4,5606.0,27.9,107.49,9453.0,11.37,21.09,2204.0,9.57,95.94,2634.0,36.43,30.08,6177.0,4.87,99.74,165.91
2023-03-27,southeast,853.22,93.03,3322.0,28.0,65.2,5544.0,11.76,57.41,5658.0,10.15,114.62,3380.0,33.91,0.0,0.0,4.8,99.79,251.18
2023-04-03,southeast,885.18,182.07,6527.0,27.9,132.8,10969.0,12.11,0.0,0.0,10.1,117.79,3499.0,33.66,26.18,5532.0,4.73,100.08,268.24
2023-04-10,southeast,818.49,208.77,7444.0,28.04,108.09,9282.0,11.65,48.2,4904.0,9.83,115.04,3398.0,33.86,0.0,0.0,4.65,101.07,212.54
2023-04-17,southeast,887.27,137.44,4977.0,27.61,96.57,8315.0,11.61,21.96,2289.0,9.6,66.12,2030.0,32.56,39.54,8334.0,4.74,100.29,288.45
2023-04-24,southeast,871.94,201.26,7370.0,27.31,49.6,4394.0,11.29,0.0,0.0,9.22,80.11,2449.0,32.71,0.0,0.0,4.56,101.1,111.03
2023-05-01,southeast,829.2,0.0,0.0,27.71,84.72,7874.0,10.76,48.49,5438.0,8.92,84.69,2632.0,32.18,39.01,8590.0,4.54,101.15,194.37
2023-05-08,southeast,855.95,108.91,4034.0,27.0,86.11,8159.0,10.55,31.16,3580.0,8.7,122.05,3645.0,33.49,0.0,0.0,4.65,100.7,233.11
2023-05-15,southeast,781.52,160.52,6336.0,25.33,128.35,12467.0,10.29,20.77,2528.0,8.22,76.4,2210.0,34.56,0.0,0.0,4.51,100.04,259.69
2023-05-22,southeast,801.18,122.37,4668.0,26.22,95.12,8749.0,10.87,76.47,9473.0,8.07,69.83,2086.0,33.47,63.51,14658.0,4.33,99.94,130.12
2023-05-29,southeast,783.84,0.0,0.0,26.77,77.75,7206.0,10.79,53.85,6628.0,8.12,130.51,3999.0,32.64,55.28,13114.0,4.21,100.4,249.43
2023-06-05,southeast,773.46,169.28,6726.0,25.17,140.08,13842.0,10.12,0.0,0.0,7.73,51.53,1619.0,31.83,0.0,0.0,4.27,100.34,204.85
2023-06-12,southeast,750.81,178.49,7122.0,25.06,49.57,5108.0,9.7,87.41,11080.0,7.89,129.89,4241.0,30.63,0.0,0.0,4.19,101.09,178.5
2023-06-19,southeast,811.92,0.0,0.0,24.03,82.16,8434.0,9.74,27.83,3568.0,7.8,102.49,3417.0,29.99,64.55,16091.0,4.01,100.37,132.23
2023-06-26,southeast,739.15,0.0,0.0,23.54,42.39,4205.0,10.08,91.65,11723.0,7.82,112.46,3947.0,28.5,18.2,4600.0,3.96,100.36,276.17
2023-07-03,southeast,758.84,223.79,9705.0,23.06,115.32,12359.0,9.33,0.0,0.0,7.44,69.89,2614.0,26.74,33.36,8977.0,3.72,99.74,146.46
2023-07-10,southeast,712.85,0.0,0.0,22.21,133.94,15659.0,8.55,0.0,0.0,7.4,47.71,1806.0,26.42,26.03,7076.0,3.68,99.92,180.27
2023-07-17,southeast,661.59,101.51,4828.0,21.03,67.26,7670.0,8.77,0.0,0.0,6.95,99.86,3826.0,26.1,24.48,6783.0,3.61,100.36,181.07
2023-07-24,southeast,709.23,188.39,9436.0,19.96,127.7,14846.0,8.6,81.83,11833.0,6.92,105.0,4251.0,24.7,21.61,6233.0,3.47,100.15,295.58
2023-07-31,southeast,637.76,204.11,10836.0,18.84,68.54,8433.0,8.13,93.79,13913.0,6.74,96.54,3924.0,24.6,0.0,0.0,3.28,98.85,261.14
2023-08-07,southeast,675.61,127.16,7130.0,17.84,133.18,16612.0,8.02,40.92,6150.0,6.65,53.38,2278.0,23.44,0.0,0.0,3.1,98.95,287.1
2023-08-14,southeast,645.8,0.0,0.0,17.31,116.79,16216.0,7.2,92.05,14739.0,6.25,94.34,4109.0,22.96,44.47,14522.0,3.06,99.17,184.69
2023-08-21,southeast,726.36,222.34,13471.0,16.51,122.11,17398.0,7.02,48.6,8204.0,5.92,94.04,4101.0,22.93,21.93,7084.0,3.1,99.37,256.11
2023-08-28,southeast,678.61,120.72,7334.0,16.46,39.88,5759.0,6.93,48.3,8196.0,5.89,85.51,3820.0,22.38,0.0,0.0,2.97,99.99,245.19
2023-09-04,southeast,645.8,0.0,0.0,16.87,138.61,19858.0,6.98,44.87,7991.0,5.62,91.68,4121.0,22.25,0.0,0.0,2.95,99.45,292.95
2023-09-11,southeast,676.59,0.0,0.0,16.32,113.94,17099.0,6.66,60.15,10735.0,5.6,96.11,4459.0,21.55,34.53,12666.0,2.73,99.79,304.11
2023-09-18,southeast,628.4,108.63,6687.0,16.24,69.85,10579.0,6.6,30.72,5779.0,5.31,80.42,3798.0,21.18,49.47,18686.0,2.65,100.39,130.77
2023-09-25,southeast,650.28,0.0,0.0,16.37,124.67,19555.0,6.38,61.08,11285.0,5.41,46.16,2209.0,20.9,0.0,0.0,2.63,99.5,252.51
2023-10-02,southeast,651.93,220.38,13305.0,16.56,67.42,10520.0,6.41,60.17,11563.0,5.2,71.88,3526.0,20.38,0.0,0.0,2.55,99.66,130.03
2023-10-09,southeast,647.44,0.0,0.0,16.64,129.2,20659.0,6.25,76.9,14501.0,5.3,45.45,2236.0,20.32,0.0,0.0,2.48,99.41,220.19
2023-10-16,southeast,678.68,0.0,0.0,17.14,49.76,7997.0,6.22,82.36,15131.0,5.44,67.04,3431.0,19.54,0.0,0.0,2.45,99.36,166.55
2023-10-23,southeast,662.75,0.0,0.0,17.6,111.54,18251.0,6.11,0.0,0.0,5.39,67.44,3461.0,19.48,0.0,0.0,2.5,99.54,166.7
2023-10-30,southeast,657.92,175.37,10179.0,17.23,94.5,14923.0,6.33,41.98,7527.0,5.58,45.54,2320.0,19.63,0.0,0.0,2.53,99.3,172.71
2023-11-06,southeast,607.51,89.48,4173.0,21.44,54.04,6857.0,7.88,38.71,5679.0,6.82,64.87,2746.0,23.62,51.23,17856.0,2.87,98.96,221.84
2023-11-13,southeast,709.43,218.51,9730.0,22.46,74.15,9294.0,7.98,33.79,4941.0,6.84,49.66,2076.0,23.92,0.0,0.0,2.75,98.97,166.45
2023-11-20,southeast,736.09,205.78,9172.0,22.44,52.59,6441.0,8.17,0.0,0.0,6.78,98.09,4020.0,24.4,21.95,7965.0,2.76,98.43,242.47
2023-11-27,southeast,763.7,157.59,6851.0,23.0,96.59,12064.0,8.01,45.03,6875.0,6.55,109.34,4313.0,25.35,14.66,5124.0,2.86,97.89,181.49
2023-12-04,southeast,742.48,232.19,9642.0,24.08,88.58,10884.0,8.14,39.54,5825.0,6.79,49.3,1847.0,26.69,0.0,0.0,2.7,98.23,120.02
2023-12-11,southeast,855.3,143.47,5840.0,24.57,140.6,16854.0,8.34,92.45,13904.0,6.65,113.7,4231.0,26.88,37.64,13773.0,2.73,97.65,259.26
2023-12-18,southeast,839.06,0.0,0.0,26.06,93.7,10107.0,9.27,61.39,8962.0,6.85,84.09,3158.0,26.63,0.0,0.0,2.76,97.99,168.69
2023-12-25,southeast,827.95,183.87,6398.0,28.74,87.12,9460.0,9.21,45.39,6503.0,6.98,69.0,2603.0,26.51,64.3,21730.0,2.96,98.22,201.18
2022-01-03,midwest,603.61,195.34,7814.0,25.0,58.16,7270.0,8.0,64.4,10733.0,6.0,91.19,6079.0,15.0,0.0,0.0,4.0,100.3,99.82
2022-01-10,midwest,599.49,0.0,0.0,27.06,52.24,6552.0,7.97,45.07,7267.0,6.2,76.87,5026.0,15.29,36.84,8684.0,4.24,99.88,95.35
2022-01-17,midwest,637.17,163.06,5832.0,27.96,68.19,8227.0,8.29,42.39,6716.0,6.31,96.19,6063.0,15.87,41.17,9656.0,4.26,101.12,233.41
2022-01-24,midwest,670.84,111.03,3752.0,29.59,53.17,6228.0,8.54,75.82,12421.0,6.1,84.69,5276.0,16.05,41.88,9503.0,4.41,101.25,121.73
2022-01-31,midwest,669.58,155.27,5336.0,29.1,91.17,10306.0,8.85,32.06,5182.0,6.19,96.49,6014.0,16.04,53.0,11892.0,4.46,101.89,225.5
2022-02-07,midwest,684.47,173.54,5801.0,29.92,104.69,11501.0,9.1,0.0,0.0,6.27,84.98,5268.0,16.13,0.0,0.0,4.59,101.81,183.27
2022-02-14,midwest,689.28,192.76,6523.0,29.55,91.23,9670.0,9.43,0.0,0.0,6.52,73.12,4505.0,16.23,43.69,8920.0,4.9,102.08,109.74
2022-02-21,midwest,663.9,0.0,0.0,28.79,104.54,10419.0,10.03,78.04,11993.0,6.51,112.68,6744.0,16.71,0.0,0.0,5.08,102.5,250.39
2022-02-28,midwest,709.06,0.0,0.0,28.6,66.94,6457.0,10.37,40.18,5782.0,6.95,83.84,4605.0,18.21,0.0,0.0,5.24,103.11,136.34
2022-03-07,midwest,649.67,0.0,0.0,30.02,45.76,4497.0,10.18,19.97,3004.0,6.65,89.18,4940.0,18.05,14.17,2705.0,5.24,103.64,232.81
2022-03-14,midwest,678.28,198.69,6368.0,31.2,96.94,9054.0,10.71,37.72,5400.0,6.98,61.7,3426.0,18.01,0.0,0.0,5.06,104.07,119.95
2022-03-21,midwest,669.42,0.0,0.0,31.66,63.72,5625.0,11.33,0.0,0.0,6.99,91.7,5065.0,18.11,51.48,10165.0,5.07,103.92,226.63
2022-03-28,midwest,735.51,146.08,4810.0,30.37,91.07,7281.0,12.51,26.36,3660.0,7.2,87.99,4781.0,18.4,23.27,4412.0,5.27,103.63,88.74
2022-04-04,midwest,724.15,153.69,5083.0,30.24,55.82,4609.0,12.11,58.12,8039.0,7.23,59.6,3209.0,18.58,0.0,0.0,5.05,103.8,164.91
2022-04-11,midwest,710.57,157.57,5172.0,30.47,39.15,3214.0,12.18,79.86,10690.0,7.47,50.34,2611.0,19.28,18.08,3703.0,4.88,104.26,202.54
2022-04-18,midwest,721.4,80.37,2636.0,30.49,119.35,10475.0,11.39,44.91,6109.0,7.35,90.14,5051.0,17.85,0.0,0.0,4.88,104.15,225.63
2022-04-25,midwest,668.17,0.0,0.0,28.64,45.75,3978.0,11.5,38.7,5480.0,7.06,101.34,6145.0,16.49,0.0,0.0,4.7,104.68,218.59
2022-05-02,midwest,696.4,88.64,3211.0,27.61,118.98,10624.0,11.2,41.65,5708.0,7.3,83.26,5176.0,16.09,0.0,0.0,4.55,105.41,201.93
2022-05-09,midwest,679.64,148.69,5466.0,27.2,118.0,10074.0,11.71,23.37,3256.0,7.18,61.24,3732.0,16.41,22.52,5082.0,4.43,104.95,211.34
2022-05-16,midwest,707.86,0.0,0.0,27.22,101.86,9040.0,11.27,0.0,0.0,7.11,91.94,5964.0,15.42,45.35,10830.0,4.19,104.53,100.42
2022-05-23,midwest,675.17,105.78,4227.0,25.02,90.03,8560.0,10.52,0.0,0.0,7.25,49.62,3587.0,13.83,45.44,11377.0,3.99,104.46,114.25
2022-05-30,midwest,662.4,138.32,5670.0,24.39,82.85,8155.0,10.16,40.79,5923.0,6.89,74.1,5375.0,13.79,25.75,6445.0,4.0,104.62,116.17
2022-06-06,midwest,673.82,120.74,5042.0,23.95,108.22,11564.0,9.36,58.22,8498.0,6.85,53.97,3977.0,13.57,0.0,0.0,3.76,104.36,132.29
2022-06-13,midwest,666.87,0.0,0.0,23.96,57.47,6157.0,9.33,44.29,6747.0,6.56,54.56,4259.0,12.81,0.0,0.0,3.49,105.03,137.68
2022-06-20,midwest,623.03,0.0,0.0,23.81,73.16,8564.0,8.54,57.49,9031.0,6.37,54.85,4529.0,12.11,54.97,16482.0,3.34,105.24,165.29
2022-06-27,midwest,628.74,120.87,5131.0,23.55,86.51,10410.0,8.31,19.93,3214.0,6.2,65.92,5766.0,11.43,0.0,0.0,3.31,105.26,107.58
2022-07-04,midwest,587.21,166.99,7481.0,22.32,68.18,8996.0,7.58,68.08,11830.0,5.75,43.27,3886.0,11.13,0.0,0.0,3.2,104.54,196.66
2022-07-11,midwest,554.32,186.12,9103.0,20.45,69.62,9563.0,7.28,76.19,13974.0,5.45,64.28,6065.0,10.6,0.0,0.0,3.06,103.89,116.93
2022-07-18,midwest,608.49,0.0,0.0,19.59,61.07,8236.0,7.41,57.52,10451.0,5.5,70.14,6727.0,10.43,46.4,15630.0,2.97,104.03,143.61
2022-07-25,midwest,609.84,117.46,6003.0,19.57,81.65,11239.0,7.27,77.09,14071.0,5.48,67.16,7239.0,9.28,45.7,16733.0,2.73,102.96,177.9
2022-08-01,midwest,579.13,77.63,3924.0,19.79,106.85,15564.0,6.87,25.69,4844.0,5.3,60.0,6842.0,8.77,0.0,0.0,2.69,103.47,227.59
2022-08-08,midwest,515.47,66.26,3377.0,19.62,49.73,7469.0,6.66,46.55,8977.0,5.19,85.72,10415.0,8.23,0.0,0.0,2.64,103.39,220.5
2022-08-15,midwest,553.07,153.99,7969.0,19.32,114.23,17635.0,6.48,54.52,10907.0,5.0,44.4,5591.0,7.94,29.32,11563.0,2.54,105.01,206.63
2022-08-22,midwest,504.19,145.93,7662.0,19.05,92.64,14471.0,6.4,0.0,0.0,5.07,64.24,8437.0,7.61,17.75,6972.0,2.55,106.16,128.5
2022-08-29,midwest,574.2,0.0,0.0,18.3,104.45,17396.0,6.0,41.69,8463.0,4.93,38.54,5058.0,7.62,0.0,0.0,2.41,106.07,190.41
2022-09-05,midwest,522.29,95.8,5360.0,17.87,80.94,13510.0,5.99,37.64,7739.0,4.86,38.64,5469.0,7.06,44.09,18078.0,2.44,106.02,115.31
2022-09-12,midwest,564.99,67.22,3636.0,18.49,100.6,18504.0,5.44,0.0,0.0,4.95,65.97,9476.0,6.96,0.0,0.0,2.41,106.52,159.38
2022-09-19,midwest,545.78,0.0,0.0,17.76,33.43,6340.0,5.27,0.0,0.0,4.78,65.12,9308.0,7.0,0.0,0.0,2.36,107.37,162.22
2022-09-26,midwest,517.82,0.0,0.0,18.51,104.02,20165.0,5.16,26.41,5308.0,4.98,81.87,11148.0,7.34,34.2,14610.0,2.34,106.55,99.05
2022-10-03,midwest,502.28,82.42,4507.0,18.29,35.53,6775.0,5.24,0.0,0.0,4.74,64.35,8911.0,7.22,25.74,11058.0,2.33,105.66,132.93
2022-10-10,midwest,533.12,95.48,5005.0,19.08,110.31,20968.0,5.26,29.37,5884.0,4.99,86.32,11810.0,7.31,0.0,0.0,2.42,105.35,238.4
2022-10-17,midwest,511.5,182.1,9885.0,18.42,119.29,23482.0,5.08,19.75,3973.0,4.97,36.84,5282.0,6.97,40.39,17113.0,2.36,105.64,234.7
2022-10-24,midwest,545.58,0.0,0.0,18.97,57.88,11597.0,4.99,51.35,10284.0,4.99,39.78,6057.0,6.57,44.79,19189.0,2.33,105.89,135.55
2022-10-31,midwest,538.78,121.07,6421.0,18.86,50.51,9900.0,5.1,54.09,11283.0,4.79,37.13,5424.0,6.85,22.22,9080.0,2.45,106.42,83.75
2022-11-07,midwest,515.42,70.88,3234.0,21.92,130.09,21076.0,6.17,71.8,12520.0,5.74,45.46,5476.0,8.3,29.83,10236.0,2.91,105.82,103.95
2022-11-14,midwest,564.64,69.36,3083.0,22.5,74.35,12020.0,6.19,52.93,9337.0,5.67,66.26,7556.0,8.77,23.84,7808.0,3.05,104.66,137.36
2022-11-21,midwest,622.83,142.06,5994.0,23.7,144.69,23217.0,6.23,38.11,6698.0,5.69,73.23,8513.0,8.6,0.0,0.0,3.28,105.09,226.48
2022-11-28,midwest,619.14,117.43,4962.0,23.67,53.48,8207.0,6.52,67.39,11613.0,5.8,39.26,4388.0,8.95,0.0,0.0,3.32,104.68,98.58
2022-12-05,midwest,618.55,0.0,0.0,23.21,56.18,8536.0,6.58,50.58,8257.0,6.13,93.53,9636.0,9.71,0.0,0.0,3.48,103.67,200.18
2022-12-12,midwest,672.74,143.32,6033.0,23.76,163.51,24265.0,6.74,21.07,3330.0,6.33,88.9,8810.0,10.09,0.0,0.0,3.45,103.74,98.2
2022-12-19,midwest,680.71,65.54,2693.0,24.34,108.53,14691.0,7.39,52.21,7960.0,6.56,56.87,5441.0,10.45,45.06,12429.0,3.63,104.14,241.22
2022-12-26,midwest,669.33,171.08,6731.0,25.42,117.21,16120.0,7.27,74.11,11366.0,6.52,44.13,4109.0,10.74,51.47,13739.0,3.75,104.08,149.11
2023-01-02,midwest,600.25,0.0,0.0,23.35,60.54,9857.0,6.14,0.0,0.0,5.67,50.87,5561.0,9.15,0.0,0.0,3.39,103.85,216.15
2023-01-09,midwest,636.29,69.48,2893.0,24.01,91.53,14130.0,6.48,0.0,0.0,6.17,48.99,4992.0,9.81,0.0,0.0,3.43,103.77,150.99
2023-01-16,midwest,597.21,0.0,0.0,26.12,84.29,12908.0,6.53,25.18,4058.0,6.2,49.61,5004.0,9.91,0.0,0.0,3.36,103.58,200.45
2023-01-23,midwest,654.78,118.09,4372.0,27.01,85.08,12805.0,6.64,25.69,3836.0,6.7,77.08,7455.0,10.34,0.0,0.0,3.5,102.91,134.15
2023-01-30,midwest,678.59,196.44,7167.0,27.41,92.06,13835.0,6.65,43.7,6409.0,6.82,59.62,5894.0,10.12,26.93,7984.0,3.37,102.55,129.58
2023-02-06,midwest,676.85,138.01,5165.0,26.72,82.63,12232.0,6.76,54.12,7758.0,6.98,68.28,6836.0,9.99,0.0,0.0,3.42,102.81,258.33
2023-02-13,midwest,623.52,0.0,0.0,27.06,69.76,9642.0,7.23,21.16,2877.0,7.35,113.61,10671.0,10.65,33.39,9304.0,3.59,102.97,256.22
2023-02-20,midwest,658.4,0.0,0.0,27.28,56.28,7458.0,7.55,76.13,9786.0,7.78,93.2,8688.0,10.73,16.8,4570.0,3.68,103.06,251.63
2023-02-27,midwest,666.51,0.0,0.0,28.52,99.64,12667.0,7.87,64.33,8168.0,7.88,113.17,9943.0,11.38,0.0,0.0,3.96,102.56,209.01
2023-03-06,midwest,688.74,186.98,6384.0,29.29,51.91,6798.0,7.64,53.54,6791.0,7.89,55.65,4838.0,11.5,0.0,0.0,4.13,102.47,236.7
2023-03-13,midwest,714.69,114.96,4026.0,28.56,92.93,12470.0,7.45,0.0,0.0,7.95,73.5,6685.0,10.99,0.0,0.0,4.1,101.38,116.1
2023-03-20,midwest,742.5,138.78,4800.0,28.91,52.53,7621.0,6.89,21.13,2612.0,8.09,86.5,7604.0,11.38,50.52,12237.0,4.13,101.47,155.68
2023-03-27,midwest,696.95,70.88,2392.0,29.63,87.03,12879.0,6.76,46.52,5573.0,8.35,51.6,4597.0,11.22,25.31,6112.0,4.14,102.18,148.93
2023-04-03,midwest,687.43,0.0,0.0,31.07,97.74,14035.0,6.96,0.0,0.0,8.36,46.31,4034.0,11.48,0.0,0.0,3.95,101.45,196.85
2023-04-10,midwest,737.29,0.0,0.0,31.86,51.25,7256.0,7.06,69.03,8118.0,8.5,95.25,8304.0,11.47,49.72,12951.0,3.84,101.15,148.5
2023-04-17,midwest,718.55,0.0,0.0,32.45,37.28,5336.0,6.99,66.14,7437.0,8.89,92.88,8518.0,10.9,45.64,12145.0,3.76,101.32,111.94
2023-04-24,midwest,726.05,94.51,2928.0,32.28,43.53,6280.0,6.93,33.73,3777.0,8.93,75.59,6948.0,10.88,0.0,0.0,3.51,101.94,180.67
2023-05-01,midwest,698.18,94.75,2931.0,32.33,85.33,12697.0,6.72,76.22,8540.0,8.92,80.81,7025.0,11.5,0.0,0.0,3.48,101.72,213.21
2023-05-08,midwest,670.84,175.15,5286.0,33.13,106.75,15992.0,6.68,23.96,2846.0,8.42,74.81,6491.0,11.53,53.58,15714.0,3.41,101.37,142.49
2023-05-15,midwest,662.84,190.53,6079.0,31.34,35.96,5347.0,6.73,72.01,9402.0,7.66,46.2,4078.0,11.33,42.03,13165.0,3.19,100.39,101.82
2023-05-22,midwest,651.99,76.97,2527.0,30.46,96.61,15355.0,6.29,78.14,10269.0,7.61,67.58,5882.0,11.49,26.59,8379.0,3.17,100.44,112.36
2023-05-29,midwest,690.02,0.0,0.0,29.15,62.04,9975.0,6.22,27.34,3678.0,7.43,55.71,4919.0,11.33,34.03,10712.0,3.18,101.46,120.05
2023-06-05,midwest,693.59,0.0,0.0,28.82,74.11,11856.0,6.25,62.21,8697.0,7.15,49.53,4446.0,11.14,40.41,12929.0,3.13,101.6,132.06
2023-06-12,midwest,694.67,182.41,6254.0,29.17,113.74,18890.0,6.02,18.58,2643.0,7.03,106.61,10140.0,10.51,0.0,0.0,3.02,101.59,189.71
2023-06-19,midwest,658.45,75.36,2702.0,27.89,61.21,10226.0,5.99,41.95,6142.0,6.83,81.17,7874.0,10.31,17.28,5775.0,2.99,101.75,186.42
2023-06-26,midwest,653.11,92.71,3674.0,25.23,72.95,11522.0,6.33,0.0,0.0,6.87,88.2,8534.0,10.34,25.73,8670.0,2.97,101.75,205.49
2023-07-03,midwest,608.77,166.34,6875.0,24.19,33.2,5420.0,6.13,53.16,7954.0,6.68,60.18,6151.0,9.78,47.31,16268.0,2.91,101.34,156.18
2023-07-10,midwest,572.29,0.0,0.0,24.12,39.18,6516.0,6.01,75.9,11975.0,6.34,63.98,6460.0,9.9,0.0,0.0,2.75,101.75,234.08
2023-07-17,midwest,619.06,130.98,5513.0,23.76,54.76,9605.0,5.7,59.02,9325.0,6.33,53.18,5555.0,9.57,0.0,0.0,2.69,101.86,138.73
2023-07-24,midwest,591.49,124.13,5321.0,23.33,34.45,6200.0,5.56,46.8,7678.0,6.1,43.75,4841.0,9.04,0.0,0.0,2.7,101.87,184.53
2023-07-31,midwest,573.84,109.48,4880.0,22.43,87.56,16027.0,5.46,67.82,11293.0,6.01,47.87,5301.0,9.03,0.0,0.0,2.57,101.39,240.42
2023-08-07,midwest,581.97,0.0,0.0,20.96,69.52,13032.0,5.33,76.83,13369.0,5.75,83.28,9582.0,8.69,0.0,0.0,2.66,102.04,143.13
2023-08-14,midwest,576.06,136.07,6575.0,20.69,80.24,15949.0,5.03,0.0,0.0,5.48,75.07,8683.0,8.65,45.08,17701.0,2.55,102.37,133.03
2023-08-21,midwest,576.82,85.95,4370.0,19.67,47.37,9604.0,4.93,0.0,0.0,5.35,66.58,7973.0,8.35,47.73,19213.0,2.48,102.09,257.08
2023-08-28,midwest,575.39,141.79,6911.0,20.52,58.04,11526.0,5.04,21.51,4111.0,5.23,61.71,7577.0,8.14,0.0,0.0,2.38,102.59,169.87
2023-09-04,midwest,555.27,0.0,0.0,20.46,90.42,18071.0,5.0,68.12,13090.0,5.2,85.88,10598.0,8.1,25.77,10977.0,2.35,102.34,222.86
2023-09-11,midwest,562.01,0.0,0.0,19.79,116.95,23076.0,5.07,33.94,6681.0,5.08,38.39,4772.0,8.04,0.0,0.0,2.19,101.95,115.17
2023-09-18,midwest,534.55,84.93,4423.0,19.2,36.44,7327.0,4.97,24.46,5148.0,4.75,49.52,6612.0,7.49,0.0,0.0,2.13,101.57,218.58
2023-09-25,midwest,521.31,0.0,0.0,19.01,110.35,21854.0,5.05,44.15,9481.0,4.66,53.1,7387.0,7.19,0.0,0.0,2.05,100.69,155.38
2023-10-02,midwest,562.75,0.0,0.0,18.83,82.77,16293.0,5.08,57.21,12026.0,4.76,76.56,10383.0,7.37,44.65,21763.0,2.05,100.92,110.12
2023-10-09,midwest,497.78,0.0,0.0,19.52,81.62,16493.0,4.95,40.38,8544.0,4.73,88.11,11966.0,7.36,0.0,0.0,2.12,100.01,195.18
2023-10-16,midwest,557.68,0.0,0.0,19.77,76.02,15106.0,5.03,19.49,4125.0,4.73,47.33,6484.0,7.3,0.0,0.0,2.18,99.39,132.76
2023-10-23,midwest,506.59,0.0,0.0,19.57,38.11,7709.0,4.94,54.37,11038.0,4.93,82.5,11632.0,7.09,0.0,0.0,2.05,98.36,153.18
2023-10-30,midwest,552.26,71.71,3407.0,21.04,39.91,8098.0,4.93,0.0,0.0,4.9,80.79,11579.0,6.98,19.43,8771.0,2.22,98.31,101.86
2023-11-06,midwest,529.79,68.72,2689.0,25.56,100.29,16685.0,6.01,40.53,7144.0,5.67,47.67,5986.0,7.96,0.0,0.0,2.71,98.24,110.95
2023-11-13,midwest,632.28,117.3,4398.0,26.67,72.26,11684.0,6.18,29.85,5185.0,5.76,58.2,7189.0,8.1,43.57,16136.0,2.7,98.08,134.39
2023-11-20,midwest,635.64,158.81,5933.0,26.77,146.37,23996.0,6.1,44.32,7643.0,5.8,59.63,7337.0,8.13,32.92,11872.0,2.77,97.55,101.31
2023-11-27,midwest,591.53,90.31,3258.0,27.72,87.44,13562.0,6.45,0.0,0.0,5.77,93.86,11608.0,8.09,49.36,17289.0,2.86,96.97,233.84
2023-12-04,midwest,661.01,151.24,5271.0,28.69,57.01,8474.0,6.73,68.51,11639.0,5.89,47.98,5797.0,8.28,28.87,10058.0,2.87,97.2,91.1
2023-12-11,midwest,640.2,99.34,3569.0,27.83,104.85,15505.0,6.76,68.89,11232.0,6.13,86.3,10046.0,8.59,0.0,0.0,2.96,96.92,170.34
2023-12-18,midwest,686.77,184.51,6075.0,30.37,76.24,11494.0,6.63,53.63,8516.0,6.3,59.18,6299.0,9.4,0.0,0.0,2.99,97.08,116.05
2023-12-25,midwest,676.6,0.0,0.0,32.43,93.66,13806.0,6.78,38.6,5912.0,6.53,85.21,9238.0,9.22,36.15,11915.0,3.03,96.64,149.4
2022-01-03,west,978.01,224.46,8978.0,25.0,141.78,17722.0,8.0,0.0,0.0,6.0,148.3,9887.0,15.0,0.0,0.0,4.0,99.95,156.48
2022-01-10,west,997.99,0.0,0.0,26.09,103.3,12618.0,8.19,113.59,17660.0,6.43,70.35,4402.0,15.98,0.0,0.0,4.08,99.96,157.37
2022-01-17,west,956.71,129.97,5097.0,25.5,116.28,14377.0,8.09,85.19,13255.0,6.43,116.27,7258.0,16.02,0.0,0.0,4.13,100.36,214.8
2022-01-24,west,921.01,297.18,11537.0,25.76,59.12,6748.0,8.76,100.98,15109.0,6.68,138.06,8596.0,16.06,83.79,19240.0,4.36,100.85,330.81
2022-01-31,west,992.67,0.0,0.0,26.15,177.96,19624.0,9.07,68.77,10089.0,6.82,141.91,8361.0,16.97,46.4,10383.0,4.47,100.59,200.27
2022-02-07,west,999.49,153.42,5453.0,28.13,135.97,15285.0,8.9,0.0,0.0,7.11,128.32,7399.0,17.34,39.14,8428.0,4.64,100.52,159.37
2022-02-14,west,996.43,0.0,0.0,28.48,85.67,9561.0,8.96,34.41,4750.0,7.24,83.57,4529.0,18.45,0.0,0.0,4.6,100.14,177.53
2022-02-21,west,994.2,107.55,3961.0,27.15,125.33,13689.0,9.16,0.0,0.0,7.06,151.88,8248.0,18.42,30.62,6814.0,4.49,99.57,352.37
2022-02-28,west,1012.69,120.56,4642.0,25.97,62.45,6381.0,9.79,99.18,13797.0,7.19,145.07,7769.0,18.67,0.0,0.0,4.58,99.73,297.34
2022-03-07,west,1047.61,214.48,8144.0,26.34,175.49,18300.0,9.59,40.14,5341.0,7.51,77.34,4203.0,18.4,44.78,9746.0,4.59,99.09,203.67
2022-03-14,west,1031.89,0.0,0.0,27.1,71.07,7125.0,9.97,73.18,9648.0,7.58,119.19,6411.0,18.59,20.71,4380.0,4.73,98.88,272.68
2022-03-21,west,1073.82,197.34,7149.0,27.6,133.54,12745.0,10.48,70.79,9053.0,7.82,87.87,4906.0,17.91,40.92,8611.0,4.75,98.39,261.62
2022-03-28,west,1081.34,267.96,9617.0,27.86,80.4,7785.0,10.33,84.01,11038.0,7.61,106.16,5988.0,17.73,35.51,7394.0,4.8,98.66,287.24
2022-04-04,west,1038.14,186.96,6470.0,28.89,142.72,13915.0,10.26,0.0,0.0,7.62,71.0,4175.0,17.01,0.0,0.0,4.58,99.56,180.51
2022-04-11,west,1117.83,240.55,8473.0,28.39,150.54,15163.0,9.93,79.66,10673.0,7.46,113.09,6522.0,17.34,80.62,16655.0,4.84,98.91,326.61
2022-04-18,west,1047.47,245.3,8449.0,29.03,136.89,13933.0,9.82,75.86,9982.0,7.6,129.21,7326.0,17.64,35.69,7442.0,4.8,97.98,188.34
2022-04-25,west,996.97,0.0,0.0,27.45,129.11,13252.0,9.74,0.0,0.0,7.55,136.24,8194.0,16.63,0.0,0.0,4.86,97.92,276.27
2022-05-02,west,1078.33,169.69,6417.0,26.44,165.81,16854.0,9.84,0.0,0.0,7.63,140.12,8180.0,17.13,0.0,0.0,4.69,97.93,110.06
2022-05-09,west,1012.72,0.0,0.0,24.73,58.38,5818.0,10.03,41.99,5393.0,7.78,157.6,8647.0,18.23,0.0,0.0,4.68,98.04,193.29
2022-05-16,west,1040.49,110.42,4573.0,24.15,91.68,9490.0,9.66,0.0,0.0,7.83,89.74,4994.0,17.97,0.0,0.0,4.43,97.82,187.23
2022-05-23,west,930.17,0.0,0.0,23.68,80.77,9032.0,8.94,95.36,12308.0,7.75,78.68,4545.0,17.31,0.0,0.0,4.41,97.71,233.6
2022-05-30,west,1083.64,0.0,0.0,23.28,178.42,20378.0,8.76,93.44,12685.0,7.37,153.83,8334.0,18.46,68.58,16053.0,4.27,97.9,122.36
2022-06-06,west,1011.49,299.23,13129.0,22.79,99.4,11514.0,8.63,0.0,0.0,7.2,80.27,4629.0,17.34,0.0,0.0,4.18,98.42,297.57
2022-06-13,west,941.15,0.0,0.0,21.62,144.7,17058.0,8.48,104.26,15089.0,6.91,161.75,9558.0,16.92,0.0,0.0,4.16,97.44,164.39
2022-06-20,west,924.06,262.48,12542.0,20.93,138.38,16921.0,8.18,38.86,5837.0,6.66,145.94,8811.0,16.56,60.74,15554.0,3.9,97.26,279.72
2022-06-27,west,1013.84,0.0,0.0,19.45,75.99,9524.0,7.98,52.91,8269.0,6.4,110.04,6564.0,16.76,81.95,22039.0,3.72,97.36,315.77
2022-07-04,west,909.95,0.0,0.0,19.67,79.55,9814.0,8.11,0.0,0.0,6.03,154.22,9375.0,16.45,65.12,17795.0,3.66,96.9,263.94
2022-07-11,west,875.02,217.46,11505.0,18.9,85.13,10705.0,7.95,0.0,0.0,5.52,68.09,4333.0,15.72,0.0,0.0,3.78,97.77,312.99
2022-07-18,west,826.42,276.87,15334.0,18.06,102.27,13416.0,7.62,48.45,9243.0,5.24,85.9,5801.0,14.81,52.13,14287.0,3.65,97.45,299.79
2022-07-25,west,889.93,179.83,9796.0,18.36,78.93,10844.0,7.28,70.94,13882.0,5.11,114.82,8082.0,14.21,25.73,7146.0,3.6,97.43,231.38
2022-08-01,west,863.02,219.28,12785.0,17.15,50.59,7204.0,7.02,63.11,13260.0,4.76,87.08,6514.0,13.37,0.0,0.0,3.48,97.71,344.36
2022-08-08,west,914.16,224.52,13948.0,16.1,164.08,22913.0,7.16,118.71,25681.0,4.62,136.42,10498.0,13.0,0.0,0.0,3.58,97.41,224.0
2022-08-15,west,817.4,181.15,11961.0,15.14,175.46,25339.0,6.92,29.37,6172.0,4.76,59.71,4806.0,12.42,57.1,17282.0,3.3,96.49,292.1
2022-08-22,west,787.28,125.44,8518.0,14.73,93.09,13804.0,6.74,0.0,0.0,4.78,100.09,8647.0,11.57,49.84,15437.0,3.23,96.28,334.25
2022-08-29,west,855.73,0.0,0.0,14.58,92.68,14272.0,6.49,29.07,5924.0,4.91,102.31,8712.0,11.74,59.09,19665.0,3.0,96.79,245.27
2022-09-05,west,867.65,99.4,6803.0,14.61,48.94,7437.0,6.58,84.08,17273.0,4.87,106.37,9379.0,11.34,18.66,6830.0,2.73,96.62,224.65
2022-09-12,west,770.72,274.2,17654.0,15.53,137.79,20065.0,6.87,29.23,5893.0,4.96,72.69,6765.0,10.74,30.86,11375.0,2.71,96.2,258.74
2022-09-19,west,861.83,0.0,0.0,14.35,156.96,22816.0,6.88,104.3,21740.0,4.8,81.16,7682.0,10.57,50.43,18730.0,2.69,96.66,340.4
2022-09-26,west,798.16,139.15,9591.0,14.51,67.35,9837.0,6.85,0.0,0.0,4.67,120.0,11417.0,10.51,0.0,0.0,2.65,96.5,362.21
2022-10-03,west,850.28,246.15,17294.0,14.23,69.08,10102.0,6.84,74.59,17376.0,4.29,66.91,6724.0,9.95,0.0,0.0,2.64,96.24,264.45
2022-10-10,west,819.88,161.28,11505.0,14.02,152.29,23866.0,6.38,77.91,17472.0,4.46,118.62,11775.0,10.07,0.0,0.0,2.9,96.32,286.99
2022-10-17,west,728.57,0.0,0.0,13.86,129.35,19680.0,6.57,40.4,8588.0,4.7,97.41,9906.0,9.83,65.17,22490.0,2.9,96.7,339.96
2022-10-24,west,828.47,0.0,0.0,13.65,53.92,8075.0,6.68,42.98,9181.0,4.68,114.49,10931.0,10.47,57.85,19431.0,2.98,97.89,142.42
2022-10-31,west,886.06,291.79,20004.0,14.59,130.18,18940.0,6.87,54.61,11567.0,4.72,111.44,10307.0,10.81,37.73,12716.0,2.97,98.31,170.98
2022-11-07,west,795.4,0.0,0.0,18.14,101.18,12401.0,8.16,80.98,14467.0,5.6,70.06,5407.0,12.96,0.0,0.0,3.63,98.89,283.07
2022-11-14,west,909.73,0.0,0.0,18.51,122.2,14858.0,8.22,44.17,7651.0,5.77,101.74,7875.0,12.92,32.37,8807.0,3.68,98.63,309.6
2022-11-21,west,930.21,178.98,9083.0,19.71,189.08,22770.0,8.3,35.17,5762.0,6.1,129.05,9803.0,13.16,0.0,0.0,3.71,98.12,317.94
2022-11-28,west,861.89,251.52,13041.0,19.29,174.71,19923.0,8.77,117.13,19743.0,5.93,92.84,6761.0,13.73,0.0,0.0,4.01,98.15,213.61
2022-12-05,west,1044.89,125.35,6595.0,19.01,123.58,13897.0,8.89,26.11,4239.0,6.16,142.14,10100.0,14.07,42.54,9976.0,4.26,98.21,138.47
2022-12-12,west,950.96,0.0,0.0,18.28,234.62,24144.0,9.72,0.0,0.0,6.27,97.91,6821.0,14.35,19.71,4483.0,4.4,97.67,226.28
2022-12-19,west,1021.25,0.0,0.0,18.39,137.93,13641.0,10.11,99.65,15416.0,6.46,71.06,4811.0,14.77,32.64,7745.0,4.21,97.58,181.7
2022-12-26,west,1013.87,215.67,11364.0,18.98,169.33,16939.0,10.0,52.53,7803.0,6.73,95.62,6418.0,14.9,0.0,0.0,4.28,97.78,201.97
2023-01-02,west,972.71,0.0,0.0,17.0,111.87,12581.0,8.89,37.02,6193.0,5.98,151.36,11495.0,13.17,0.0,0.0,4.15,97.96,323.52
2023-01-09,west,977.3,201.68,11466.0,17.59,166.47,18532.0,8.98,37.98,6187.0,6.14,92.33,7246.0,12.74,0.0,0.0,4.24,98.21,162.39
2023-01-16,west,947.6,0.0,0.0,17.35,167.82,19395.0,8.65,0.0,0.0,6.28,148.48,11000.0,13.5,0.0,0.0,4.51,98.36,348.65
2023-01-23,west,948.74,0.0,0.0,18.25,59.54,6385.0,9.33,85.71,12915.0,6.64,152.29,10886.0,13.99,18.66,3856.0,4.84,98.1,257.78
2023-01-30,west,1031.29,242.49,12864.0,18.85,171.62,17575.0,9.76,99.14,14389.0,6.89,100.14,7146.0,14.01,23.59,4725.0,4.99,97.85,302.38
2023-02-06,west,962.15,0.0,0.0,19.71,156.97,15462.0,10.15,114.0,16064.0,7.1,73.79,4861.0,15.18,71.3,14312.0,4.98,97.25,183.88
2023-02-13,west,1052.26,0.0,0.0,19.01,152.45,14638.0,10.41,90.43,12967.0,6.97,142.44,9169.0,15.54,0.0,0.0,4.73,98.14,245.06
2023-02-20,west,998.2,0.0,0.0,19.54,74.52,7324.0,10.17,0.0,0.0,7.02,100.0,6520.0,15.34,78.4,15955.0,4.91,98.15,185.97
2023-02-27,west,1072.03,0.0,0.0,19.16,154.28,15146.0,10.19,47.37,6466.0,7.33,151.85,9501.0,15.98,0.0,0.0,4.87,98.03,394.18
2023-03-06,west,1053.39,0.0,0.0,19.17,160.22,15141.0,10.58,104.85,14114.0,7.43,116.11,7087.0,16.38,63.09,12721.0,4.96,97.57,354.81
2023-03-13,west,1075.77,139.0,7062.0,19.68,86.17,8320.0,10.36,44.09,5761.0,7.65,121.53,7257.0,16.75,0.0,0.0,4.83,99.04,267.9
2023-03-20,west,1068.03,0.0,0.0,19.88,173.7,17964.0,9.67,30.96,3809.0,8.13,154.29,9264.0,16.66,0.0,0.0,4.82,98.5,206.84
2023-03-27,west,996.66,224.12,11516.0,19.46,54.58,5659.0,9.65,91.51,10864.0,8.42,111.11,6553.0,16.96,73.8,15223.0,4.85,98.29,372.14
2023-04-03,west,1037.79,0.0,0.0,19.49,67.79,7047.0,9.62,0.0,0.0,8.46,117.92,6999.0,16.85,70.74,14453.0,4.89,98.49,225.42
2023-04-10,west,1097.09,0.0,0.0,18.59,118.96,12335.0,9.64,112.32,13502.0,8.32,110.43,6455.0,17.11,0.0,0.0,4.73,98.79,175.96
2023-04-17,west,1061.71,148.69,7760.0,19.16,124.0,12635.0,9.81,0.0,0.0,7.67,109.14,6785.0,16.09,0.0,0.0,4.88,99.27,267.42
2023-04-24,west,1092.37,0.0,0.0,18.91,133.16,13408.0,9.93,32.68,4313.0,7.58,125.99,7993.0,15.76,73.79,15513.0,4.76,100.18,354.36
2023-05-01,west,1082.67,232.53,12014.0,19.35,50.24,5071.0,9.91,114.99,15480.0,7.43,155.93,9489.0,16.43,0.0,0.0,4.48,100.43,125.28
2023-05-08,west,1021.25,187.41,9965.0,18.81,174.77,17238.0,10.14,48.82,6580.0,7.42,106.42,6713.0,15.85,0.0,0.0,4.41,99.9,179.18
2023-05-15,west,991.99,195.53,10727.0,18.23,53.89,5650.0,9.54,0.0,0.0,7.27,122.72,8006.0,15.33,0.0,0.0,4.34,99.77,346.22
2023-05-22,west,1032.4,0.0,0.0,17.49,66.88,7034.0,9.51,62.62,8853.0,7.07,136.76,9209.0,14.85,0.0,0.0,4.29,99.93,162.4
2023-05-29,west,930.0,0.0,0.0,17.59,49.85,5252.0,9.49,28.92,4402.0,6.57,93.18,6643.0,14.03,31.98,7312.0,4.37,100.96,150.25
2023-06-05,west,1061.0,0.0,0.0,16.83,122.83,13742.0,8.94,71.67,11482.0,6.24,92.68,7223.0,12.83,70.31,16566.0,4.24,100.26,262.96
2023-06-12,west,1004.83,299.11,17868.0,16.74,171.06,20527.0,8.33,35.84,5804.0,6.18,157.57,12678.0,12.43,30.34,7355.0,4.12,100.86,337.14
2023-06-19,west,1020.64,0.0,0.0,16.11,135.91,17131.0,7.93,62.49,9874.0,6.33,134.11,11038.0,12.15,22.4,5766.0,3.88,100.95,249.92
2023-06-26,west,879.22,0.0,0.0,14.76,156.59,20714.0,7.56,0.0,0.0,6.13,117.5,9966.0,11.79,0.0,0.0,3.87,101.37,379.86
2023-07-03,west,967.68,211.43,15013.0,14.08,49.75,6628.0,7.51,0.0,0.0,6.01,122.18,10722.0,11.4,0.0,0.0,3.78,101.32,310.26
2023-07-10,west,1018.25,283.02,21466.0,13.18,119.55,16727.0,7.15,101.1,16847.0,6.0,61.68,5573.0,11.07,0.0,0.0,3.62,100.9,171.13
2023-07-17,west,851.79,259.37,20273.0,12.79,108.66,16092.0,6.75,0.0,0.0,5.68,115.05,10401.0,11.06,0.0,0.0,3.31,101.27,397.39
2023-07-24,west,923.53,0.0,0.0,11.97,113.86,17718.0,6.43,59.19,10637.0,5.56,103.12,9672.0,10.66,0.0,0.0,3.35,101.6,262.12
2023-07-31,west,885.24,0.0,0.0,11.93,57.53,8927.0,6.44,59.84,11338.0,5.28,104.56,10288.0,10.16,54.6,17423.0,3.13,102.09,237.39
2023-08-07,west,814.79,0.0,0.0,11.55,138.35,22103.0,6.26,38.54,7329.0,5.26,86.45,8837.0,9.78,77.51,25931.0,2.99,102.08,305.34
2023-08-14,west,880.04,196.44,17584.0,11.17,114.43,18904.0,6.05,100.65,19598.0,5.14,61.08,6310.0,9.68,0.0,0.0,2.94,101.78,246.22
2023-08-21,west,876.74,0.0,0.0,11.1,149.0,25346.0,5.88,0.0,0.0,5.05,69.74,7088.0,9.84,18.6,6736.0,2.76,101.0,194.28
2023-08-28,west,828.78,190.64,17073.0,11.17,112.06,18767.0,5.97,42.28,8772.0,4.82,132.6,14055.0,9.43,22.98,8906.0,2.58,101.41,172.84
2023-09-04,west,874.09,146.15,13359.0,10.94,67.72,11831.0,5.72,59.21,12268.0,4.83,86.05,9277.0,9.28,34.52,14547.0,2.37,101.62,278.06
2023-09-11,west,760.41,0.0,0.0,10.52,133.57,22796.0,5.86,34.16,6756.0,5.06,90.1,9770.0,9.22,62.17,26053.0,2.39,101.14,367.52
2023-09-18,west,774.6,164.42,16680.0,9.86,70.75,12142.0,5.83,84.31,17392.0,4.85,55.58,6283.0,8.85,76.63,33025.0,2.32,100.87,299.62
2023-09-25,west,814.74,0.0,0.0,9.59,163.16,28338.0,5.76,35.65,7484.0,4.76,54.13,6160.0,8.79,48.36,19227.0,2.52,100.64,397.01
2023-10-02,west,832.19,204.74,21808.0,9.39,128.93,20825.0,6.19,0.0,0.0,4.79,109.52,13054.0,8.39,58.06,23842.0,2.44,99.9,220.65
2023-10-09,west,789.96,0.0,0.0,9.44,68.75,11434.0,6.01,0.0,0.0,4.91,95.03,11915.0,7.98,30.44,12820.0,2.37,99.49,213.72
2023-10-16,west,857.98,206.76,21967.0,9.41,175.03,29209.0,5.99,0.0,0.0,4.86,92.98,11448.0,8.12,0.0,0.0,2.35,98.92,179.69
2023-10-23,west,855.85,122.39,12589.0,9.72,116.42,19924.0,5.84,79.54,17593.0,4.52,71.65,8819.0,8.12,0.0,0.0,2.4,98.71,176.31
2023-10-30,west,885.49,172.67,17802.0,9.7,57.62,9431.0,6.11,111.49,23296.0,4.79,114.03,13729.0,8.31,35.73,14877.0,2.4,98.35,201.9
2023-11-06,west,834.66,116.23,9898.0,11.74,147.37,18907.0,7.79,77.19,13001.0,5.94,66.75,6630.0,10.07,0.0,0.0,2.97,97.53,321.39
2023-11-13,west,949.8,223.08,17980.0,12.41,95.98,11486.0,8.36,40.75,7092.0,5.75,69.45,6966.0,9.97,0.0,0.0,2.94,98.54,347.46
2023-11-20,west,939.89,187.16,14607.0,12.81,209.93,23691.0,8.86,60.36,10465.0,5.77,93.86,9223.0,10.18,54.9,19061.0,2.88,99.17,364.45
2023-11-27,west,1046.83,254.71,19446.0,13.1,177.58,19683.0,9.02,0.0,0.0,6.19,80.03,7968.0,10.04,0.0,0.0,2.8,98.78,187.91
2023-12-04,west,951.11,140.98,10685.0,13.19,233.22,25483.0,9.15,85.84,12944.0,6.63,77.92,7255.0,10.74,27.53,10267.0,2.68,98.92,346.71
2023-12-11,west,1084.86,129.57,9749.0,13.29,129.14,14451.0,8.94,86.47,12348.0,7.0,115.46,10906.0,10.59,47.18,17404.0,2.71,99.12,218.17
2023-12-18,west,1031.81,178.89,13443.0,13.31,139.06,14252.0,9.76,107.21,14984.0,7.16,118.1,10924.0,10.81,40.05,14515.0,2.76,99.72,171.58
2023-12-25,west,968.54,0.0,0.0,13.45,177.96,17507.0,10.16,109.82,14904.0,7.37,136.64,12695.0,10.76,0.0,0.0,2.78,99.31,359.06
2022-01-03,southwest,553.5,64.75,2590.0,25.0,95.7,11962.0,8.0,56.37,9394.0,6.0,62.98,4199.0,15.0,0.0,0.0,4.0,99.8,93.87
2022-01-10,southwest,572.5,0.0,0.0,27.21,29.0,3662.0,7.92,0.0,0.0,6.24,53.03,3422.0,15.5,29.56,7114.0,4.15,99.42,199.19
2022-01-17,southwest,601.1,0.0,0.0,27.27,100.75,12355.0,8.15,52.84,8573.0,6.16,92.74,5885.0,15.76,15.54,3739.0,4.16,99.04,168.77
2022-01-24,southwest,562.72,0.0,0.0,28.49,65.67,8111.0,8.1,0.0,0.0,6.23,75.99,4622.0,16.44,0.0,0.0,4.14,98.85,203.36
2022-01-31,southwest,589.73,129.17,4324.0,29.87,54.33,6558.0,8.28,61.01,9407.0,6.49,61.89,3745.0,16.53,0.0,0.0,4.34,99.04,150.28
2022-02-07,southwest,585.53,0.0,0.0,30.02,99.16,12082.0,8.21,0.0,0.0,6.44,55.03,3314.0,16.6,27.49,6277.0,4.38,98.38,159.99
2022-02-14,southwest,592.28,67.15,2292.0,29.3,29.88,3651.0,8.18,49.65,7195.0,6.9,83.5,5005.0,16.68,13.0,2984.0,4.36,98.18,213.79
2022-02-21,southwest,587.39,0.0,0.0,29.83,72.77,8511.0,8.55,26.39,3620.0,7.29,54.01,3053.0,17.69,0.0,0.0,4.35,98.16,211.31
2022-02-28,southwest,606.25,0.0,0.0,30.14,70.27,8032.0,8.75,0.0,0.0,7.06,50.12,3072.0,16.32,0.0,0.0,4.51,97.61,147.46
2022-03-07,southwest,671.09,93.09,3089.0,30.13,44.89,5067.0,8.86,57.25,8228.0,6.96,73.26,4381.0,16.72,45.27,10089.0,4.49,98.51,121.77
2022-03-14,southwest,619.6,0.0,0.0,30.84,61.02,6642.0,9.19,40.5,6171.0,6.56,58.43,3455.0,16.91,0.0,0.0,4.52,98.08,136.37
2022-03-21,southwest,650.7,155.7,5126.0,30.38,78.22,8331.0,9.39,48.59,7526.0,6.46,80.45,4967.0,16.2,28.39,6237.0,4.55,97.75,133.04
2022-03-28,southwest,637.52,64.61,2192.0,29.47,83.99,8528.0,9.85,39.55,5961.0,6.64,47.8,2911.0,16.42,0.0,0.0,4.32,97.26,115.96
2022-04-04,southwest,676.05,160.85,5432.0,29.61,28.06,2884.0,9.73,64.07,9761.0,6.56,82.43,4942.0,16.68,0.0,0.0,4.14,98.16,110.25
2022-04-11,southwest,674.34,86.54,2893.0,29.91,100.14,10442.0,9.59,41.88,6302.0,6.65,58.44,3447.0,16.95,41.42,9929.0,4.17,98.43,190.05
2022-04-18,southwest,671.61,0.0,0.0,28.75,40.67,4429.0,9.18,61.14,9673.0,6.32,40.11,2573.0,15.59,27.12,6677.0,4.06,97.97,76.33
2022-04-25,southwest,646.92,167.38,5703.0,29.35,45.99,5110.0,9.0,58.88,9160.0,6.43,48.01,2978.0,16.12,0.0,0.0,4.16,98.52,158.84
2022-05-02,southwest,638.84,136.7,4961.0,27.55,48.29,5265.0,9.17,36.99,5911.0,6.26,98.88,6333.0,15.61,0.0,0.0,4.24,98.62,86.14
2022-05-09,southwest,612.27,105.32,3940.0,26.73,30.91,3284.0,9.41,26.88,4350.0,6.18,93.89,5968.0,15.73,46.73,10918.0,4.28,98.75,108.81
2022-05-16,southwest,676.62,0.0,0.0,26.12,37.48,3929.0,9.54,36.74,6055.0,6.07,53.48,3377.0,15.84,29.23,6568.0,4.45,98.58,68.59
2022-05-23,southwest,609.63,0.0,0.0,25.16,103.95,11711.0,8.88,60.27,10508.0,5.74,86.41,5704.0,15.15,0.0,0.0,4.36,98.2,97.98
2022-05-30,southwest,624.37,0.0,0.0,24.23,52.27,5819.0,8.98,26.75,4928.0,5.43,74.97,4952.0,15.14,40.73,9353.0,4.35,98.37,168.77
2022-06-06,southwest,621.0,0.0,0.0,25.05,36.88,4439.0,8.31,0.0,0.0,5.46,95.6,6537.0,14.62,42.13,10075.0,4.18,98.1,186.87
2022-06-13,southwest,588.38,145.34,6102.0,23.82,36.24,4353.0,8.32,59.14,10972.0,5.39,58.9,4394.0,13.4,31.85,7255.0,4.39,99.01,96.42
2022-06-20,southwest,609.59,132.72,5319.0,24.95,83.4,10405.0,8.02,0.0,0.0,5.42,75.79,5608.0,13.52,17.42,3841.0,4.54,98.37,133.28
2022-06-27,southwest,589.89,98.28,4000.0,24.57,93.8,11789.0,7.96,0.0,0.0,5.32,39.26,3059.0,12.83,0.0,0.0,4.41,99.14,137.59
2022-07-04,southwest,596.8,61.85,2586.0,23.92,47.79,6439.0,7.42,0.0,0.0,5.18,57.19,4709.0,12.14,47.77,11030.0,4.33,99.08,197.6
2022-07-11,southwest,540.87,0.0,0.0,23.53,29.61,3972.0,7.46,20.12,4216.0,4.77,87.37,7508.0,11.64,39.49,9025.0,4.38,99.23,185.65
2022-07-18,southwest,512.73,121.95,4955.0,24.61,45.18,6532.0,6.92,0.0,0.0,4.59,62.84,5526.0,11.37,0.0,0.0,4.22,99.65,154.05
2022-07-25,southwest,514.7,0.0,0.0,23.16,32.35,4923.0,6.57,0.0,0.0,4.44,48.4,4398.0,11.01,0.0,0.0,4.01,99.34,179.1
2022-08-01,southwest,521.43,119.95,5524.0,21.71,35.96,5815.0,6.18,29.2,6388.0,4.57,38.83,3579.0,10.85,0.0,0.0,4.0,99.77,206.27
2022-08-08,southwest,532.98,156.05,7573.0,20.61,61.23,10749.0,5.7,61.89,13664.0,4.53,68.06,6727.0,10.12,35.39,9104.0,3.89,98.41,90.75
2022-08-15,southwest,505.14,59.98,2991.0,20.06,45.7,8229.0,5.55,33.4,7243.0,4.61,64.04,6656.0,9.62,0.0,0.0,3.8,98.05,146.83
2022-08-22,southwest,460.09,0.0,0.0,18.56,67.73,11855.0,5.71,68.49,14972.0,4.57,49.66,5316.0,9.34,12.4,3432.0,3.61,97.59,217.64
2022-08-29,southwest,512.33,0.0,0.0,18.14,47.52,7858.0,6.05,68.87,15739.0,4.38,77.36,8006.0,9.66,43.32,12922.0,3.35,96.96,193.67
2022-09-05,southwest,540.07,0.0,0.0,18.71,100.42,16890.0,5.95,29.02,6742.0,4.3,31.43,3329.0,9.44,31.61,9552.0,3.31,96.86,164.66
2022-09-12,southwest,500.78,64.61,3493.0,18.5,97.76,16157.0,6.05,16.29,3820.0,4.27,44.71,4659.0,9.6,18.1,5407.0,3.35,97.05,160.77
2022-09-19,southwest,506.21,0.0,0.0,18.12,71.64,11899.0,6.02,53.48,13048.0,4.1,73.97,7790.0,9.5,22.71,6914.0,3.29,97.4,132.74
2022-09-26,southwest,497.43,82.57,4675.0,17.66,55.29,9112.0,6.07,39.26,9758.0,4.02,45.08,4852.0,9.29,0.0,0.0,3.41,97.52,153.97
2022-10-03,southwest,494.07,165.75,9157.0,18.1,57.35,9571.0,5.99,19.64,4925.0,3.99,41.76,4538.0,9.2,30.94,9302.0,3.33,97.19,169.71
2022-10-10,southwest,504.4,0.0,0.0,17.7,59.71,9884.0,6.04,0.0,0.0,4.2,55.25,6020.0,9.18,0.0,0.0,3.23,97.37,133.38
2022-10-17,southwest,496.44,173.28,9195.0,18.84,84.02,13587.0,6.18,15.75,3966.0,3.97,69.32,7364.0,9.41,16.6,5113.0,3.25,97.44,171.83
2022-10-24,southwest,480.21,0.0,0.0,20.21,62.78,10208.0,6.15,62.73,15061.0,4.17,35.06,3532.0,9.92,0.0,0.0,3.28,97.9,189.85
2022-10-31,southwest,487.27,166.77,8059.0,20.69,93.97,15072.0,6.23,21.76,5289.0,4.12,76.15,7469.0,10.19,15.61,4579.0,3.41,98.29,88.9
2022-11-07,southwest,498.48,56.64,2258.0,25.08,117.11,15516.0,7.55,21.13,4412.0,4.79,69.71,5441.0,12.81,19.49,4825.0,4.04,98.31,129.1
2022-11-14,southwest,570.11,145.04,5498.0,26.38,65.62,8318.0,7.89,23.84,4711.0,5.06,40.08,3158.0,12.69,27.95,6516.0,4.29,97.86,122.4
2022-11-21,southwest,557.5,163.46,5866.0,27.87,85.05,10889.0,7.81,0.0,0.0,5.29,67.43,5262.0,12.81,0.0,0.0,4.65,97.53,161.73
2022-11-28,southwest,584.86,72.63,2607.0,27.86,43.09,5395.0,7.99,52.82,9395.0,5.62,51.74,4030.0,12.84,0.0,0.0,4.76,97.26,101.47
2022-12-05,southwest,588.93,67.44,2398.0,28.13,49.74,5734.0,8.68,0.0,0.0,5.91,53.52,4026.0,13.29,27.72,5471.0,5.07,97.1,157.9
2022-12-12,southwest,604.63,106.52,3839.0,27.75,74.86,8117.0,9.22,36.27,5623.0,6.45,74.67,5530.0,13.5,0.0,0.0,5.04,97.23,193.56
2022-12-19,southwest,632.33,167.11,5791.0,28.86,58.82,5963.0,9.86,32.83,4873.0,6.74,85.72,6048.0,14.18,34.31,6417.0,5.35,97.59,132.23
2022-12-26,southwest,606.49,120.54,3986.0,30.24,117.69,11606.0,10.14,27.13,3939.0,6.89,41.33,2919.0,14.16,0.0,0.0,5.67,97.57,204.59
2023-01-02,southwest,526.92,118.77,4580.0,25.93,40.19,4396.0,9.14,0.0,0.0,6.21,58.56,4625.0,12.66,16.52,3181.0,5.19,97.57,219.64
2023-01-09,southwest,571.45,72.79,2762.0,26.35,63.09,6500.0,9.71,44.9,6757.0,6.65,63.05,4736.0,13.31,0.0,0.0,5.35,97.65,99.01
2023-01-16,southwest,589.21,0.0,0.0,26.04,74.64,7133.0,10.46,49.38,7393.0,6.68,58.09,4512.0,12.87,25.78,5120.0,5.04,97.39,120.14
2023-01-23,southwest,547.01,152.41,5854.0,26.03,81.27,8017.0,10.14,0.0,0.0,6.73,58.28,4135.0,14.09,39.13,7712.0,5.07,96.92,223.55
2023-01-30,southwest,625.96,66.42,2448.0,27.14,57.5,5754.0,9.99,67.12,9822.0,6.83,40.57,2832.0,14.33,0.0,0.0,5.1,96.05,227.11
2023-02-06,southwest,619.99,131.43,4839.0,27.16,94.92,8927.0,10.63,23.51,3581.0,6.56,79.64,5773.0,13.8,0.0,0.0,5.07,95.7,108.39
2023-02-13,southwest,631.63,164.84,5999.0,27.48,71.76,6667.0,10.76,0.0,0.0,6.73,65.34,4618.0,14.15,0.0,0.0,5.2,95.94,97.82
2023-02-20,southwest,657.65,0.0,0.0,26.65,61.84,5757.0,10.74,14.83,2291.0,6.48,51.06,3540.0,14.42,19.23,3681.0,5.23,95.58,118.48
2023-02-27,southwest,610.53,0.0,0.0,27.22,33.18,3157.0,10.51,40.94,6216.0,6.59,90.66,6204.0,14.61,32.66,6307.0,5.18,95.47,234.77
2023-03-06,southwest,654.56,65.37,2374.0,27.53,63.78,6093.0,10.47,32.67,4771.0,6.85,90.56,5939.0,15.25,26.8,5275.0,5.08,95.7,119.16
2023-03-13,southwest,639.39,0.0,0.0,27.21,91.2,8995.0,10.14,39.15,5741.0,6.82,70.97,4505.0,15.75,30.32,6037.0,5.02,95.96,162.28
2023-03-20,southwest,633.98,75.51,2770.0,27.25,75.32,6927.0,10.87,45.96,6362.0,7.22,59.24,3700.0,16.01,0.0,0.0,5.23,95.42,208.13
2023-03-27,southwest,635.85,143.58,5217.0,27.52,92.08,8436.0,10.91,38.39,5529.0,6.94,81.27,4986.0,16.3,0.0,0.0,5.15,95.92,89.26
2023-04-03,southwest,679.25,0.0,0.0,26.9,66.04,6052.0,10.91,37.23,5166.0,7.21,58.81,3614.0,16.27,0.0,0.0,5.08,96.48,167.88
2023-04-10,southwest,639.11,111.14,4326.0,25.69,37.12,3348.0,11.09,55.03,7494.0,7.34,55.4,3232.0,17.14,0.0,0.0,5.0,95.92,118.89
2023-04-17,southwest,652.48,0.0,0.0,27.01,29.05,2556.0,11.36,0.0,0.0,6.94,86.96,5328.0,16.32,29.42,5845.0,5.03,95.51,197.88
2023-04-24,southwest,600.52,0.0,0.0,26.31,51.35,4424.0,11.61,0.0,0.0,7.48,42.48,2611.0,16.27,48.06,9485.0,5.07,96.1,114.26
2023-05-01,southwest,658.96,144.25,5555.0,25.97,81.75,6889.0,11.87,28.0,3789.0,7.39,45.66,2829.0,16.14,0.0,0.0,4.58,96.03,168.69
2023-05-08,southwest,654.47,0.0,0.0,26.42,88.85,7730.0,11.49,48.13,6774.0,7.11,39.75,2434.0,16.33,33.41,7169.0,4.66,94.92,165.57
2023-05-15,southwest,629.52,0.0,0.0,28.92,50.77,4527.0,11.22,0.0,0.0,6.71,48.46,3092.0,15.67,13.97,2917.0,4.79,94.22,101.59
2023-05-22,southwest,618.94,74.84,2735.0,27.36,66.17,5870.0,11.27,34.71,5304.0,6.54,42.73,2925.0,14.61,0.0,0.0,4.56,94.09,75.65
2023-05-29,southwest,621.8,0.0,0.0,27.17,60.43,5560.0,10.87,41.22,6456.0,6.38,98.5,6851.0,14.38,0.0,0.0,4.34,93.51,129.09
2023-06-05,southwest,653.34,71.25,2741.0,25.99,59.61,5612.0,10.62,0.0,0.0,6.26,54.74,3863.0,14.17,0.0,0.0,4.18,93.3,114.05
2023-06-12,southwest,548.61,0.0,0.0,24.95,45.81,4370.0,10.48,0.0,0.0,6.05,45.67,3160.0,14.45,38.05,9544.0,3.99,93.32,189.26
2023-06-19,southwest,596.66,0.0,0.0,23.77,38.5,3684.0,10.45,25.97,4326.0,6.0,50.24,3709.0,13.54,40.84,10452.0,3.91,94.05,191.04
2023-06-26,southwest,558.12,145.06,6495.0,22.33,43.15,4480.0,9.63,19.91,3452.0,5.77,89.0,6531.0,13.63,37.61,10497.0,3.58,93.91,146.33
2023-07-03,southwest,563.47,87.18,4026.0,21.65,32.26,3378.0,9.55,52.25,9890.0,5.28,64.13,4515.0,14.2,0.0,0.0,3.36,94.44,170.81
2023-07-10,southwest,546.75,0.0,0.0,20.09,43.26,4703.0,9.2,51.0,9997.0,5.1,54.43,3996.0,13.62,0.0,0.0,3.42,95.16,174.05
2023-07-17,southwest,537.9,162.13,8091.0,20.04,28.71,3152.0,9.11,67.23,14596.0,4.61,80.9,6369.0,12.7,43.55,13522.0,3.22,95.87,208.62
2023-07-24,southwest,544.88,79.38,4080.0,19.46,76.3,8443.0,9.04,54.86,12157.0,4.51,54.08,4446.0,12.16,47.34,14608.0,3.24,96.02,155.3
2023-07-31,southwest,508.97,129.05,6753.0,19.11,52.36,5693.0,9.2,16.91,3980.0,4.25,50.01,4238.0,11.8,29.71,9355.0,3.18,95.04,136.8
2023-08-07,southwest,548.06,66.44,3632.0,18.29,102.93,11071.0,9.3,0.0,0.0,4.15,42.64,3659.0,11.65,46.36,15875.0,2.92,95.27,137.12
2023-08-14,southwest,467.37,102.59,5832.0,17.59,42.92,4559.0,9.41,0.0,0.0,4.19,50.57,4544.0,11.13,0.0,0.0,2.89,95.79,176.09
2023-08-21,southwest,519.98,140.89,8148.0,17.29,54.63,5704.0,9.58,38.83,9777.0,3.97,46.81,4120.0,11.36,31.23,11112.0,2.81,95.75,164.11
2023-08-28,southwest,493.91,134.47,8243.0,16.31,55.55,5884.0,9.44,0.0,0.0,4.01,63.93,5954.0,10.74,28.0,10336.0,2.71,96.62,162.24
2023-09-04,southwest,467.17,0.0,0.0,15.82,28.65,3093.0,9.26,0.0,0.0,3.88,44.41,4446.0,9.99,0.0,0.0,2.67,97.05,112.02
2023-09-11,southwest,492.33,89.62,5906.0,15.17,92.62,9897.0,9.36,43.81,10897.0,4.02,57.88,5695.0,10.16,10.64,3986.0,2.67,97.34,197.83
2023-09-18,southwest,456.94,100.98,6916.0,14.6,30.46,3222.0,9.45,64.7,16463.0,3.93,33.06,3523.0,9.38,0.0,0.0,2.7,97.88,124.57
2023-09-25,southwest,489.66,68.25,5016.0,13.61,100.39,10795.0,9.3,18.65,4902.0,3.8,38.91,4202.0,9.26,0.0,0.0,2.77,98.05,119.27
2023-10-02,southwest,456.1,141.56,10018.0,14.13,96.69,10296.0,9.39,24.7,6375.0,3.87,49.14,4846.0,10.14,0.0,0.0,2.8,96.8,146.34
2023-10-09,southwest,503.22,115.96,8357.0,13.88,69.24,7363.0,9.4,38.68,10091.0,3.83,74.44,7326.0,10.16,0.0,0.0,2.69,96.55,117.3
2023-10-16,southwest,470.34,140.34,9697.0,14.47,69.86,7567.0,9.23,46.75,12417.0,3.76,47.95,4845.0,9.9,0.0,0.0,2.67,97.15,164.2
2023-10-23,southwest,488.72,85.62,5662.0,15.12,78.34,8068.0,9.71,59.71,15900.0,3.76,62.06,6208.0,10.0,0.0,0.0,2.96,96.74,131.89
2023-10-30,southwest,508.79,0.0,0.0,14.78,57.8,5848.0,9.88,69.34,18196.0,3.81,42.74,4214.0,10.14,27.91,9092.0,3.07,96.63,140.69
2023-11-06,southwest,481.13,95.77,5519.0,17.35,97.08,7616.0,12.75,0.0,0.0,4.81,36.92,2987.0,12.36,0.0,0.0,4.0,96.11,151.69
2023-11-13,southwest,558.69,59.06,3091.0,19.11,42.6,3441.0,12.38,16.66,3598.0,4.63,33.98,2643.0,12.86,0.0,0.0,4.25,97.0,104.37
2023-11-20,southwest,537.3,96.58,4692.0,20.59,42.19,3391.0,12.44,58.87,12430.0,4.74,46.92,3683.0,12.74,0.0,0.0,4.38,97.84,97.89
2023-11-27,southwest,586.12,151.59,7197.0,21.06,78.83,6180.0,12.76,47.85,9682.0,4.94,40.09,2922.0,13.72,32.47,7181.0,4.52,97.4,200.35
2023-12-04,southwest,622.66,162.78,7477.0,21.77,82.79,6116.0,13.54,25.12,4927.0,5.1,41.63,2936.0,14.18,0.0,0.0,4.63,97.47,139.59
2023-12-11,southwest,653.59,117.67,5365.0,21.93,131.58,9355.0,14.07,0.0,0.0,5.44,73.47,4939.0,14.88,0.0,0.0,4.51,97.13,139.0
2023-12-18,southwest,610.33,110.2,4829.0,22.82,45.91,3148.0,14.58,55.57,9961.0,5.58,34.6,2307.0,15.0,32.52,7008.0,4.64,97.44,89.28
2023-12-25,southwest,629.33,0.0,0.0,22.94,106.54,7357.0,14.48,57.14,10027.0,5.7,65.04,4062.0,16.01,20.27,4100.0,4.94,97.7,157.37
